[
  {
    "name": "theme_info",
    "logo": "https:\/\/cdn.shopify.com\/s\/files\/1\/0742\/6679\/t/6\/assets\/logo.png",
    "settings": [
      {
        "type": "header",
        "content": "ShowTime theme support"
      },
      {
        "type": "paragraph",
        "content": "Version 3.5 (January 30, 2016)"
      },
      {
        "type": "paragraph",
        "content": "Thanks for purchasing ShowTime!"
      },
      {
        "type": "paragraph",
        "content": "This page allows you to customize the look and feel of your site in many different ways. It also allows you to turn on and off features you may or may not need. Please see our extensive [ShowTime Theme Documentation](http:\/\/docs.milehighthemes.com\/showtime) to learn more about how to customize your site."
      },
      {
        "type": "paragraph",
        "content": "If you require additional support for ShowTime, please visit our [help center](http:\/\/support.milehighthemes.com\/) for answers to common questions. You can also submit a support request from our help center."
      }
    ]
  },
  {
    "name": "Colors",
    "settings": [
      {
        "type": "paragraph",
        "content": "[Full documentation](http:\/\/docs.milehighthemes.com\/showtime\/#colors-backgrounds)"
      },
      {
        "type": "color",
        "id": "primary_color",
        "label": "Primary content",
        "default": "#37bbec",
        "info": "Used for buttons, most links, icons, and other main colors on the site."
      },
      {
        "type": "color",
        "id": "secondary_color",
        "label": "Secondary content",
        "default": "#fbcf00",
        "info": "Used for secondary buttons and some other elements."
      },
      {
        "type": "color",
        "id": "heading_text_color",
        "label": "Headings",
        "default": "#282727"
      },
      {
        "type": "color",
        "id": "body_text_color",
        "label": "Body text",
        "default": "#898989"
      },
      {
        "type": "color",
        "id": "link_hover_color",
        "label": "Link hover",
        "default": "#2a6496",
        "info": "Used for hover state on most links and buttons."
      },
      {
        "type": "color",
        "id": "button_text_color",
        "label": "Button text",
        "default": "#ffffff"
      },
      {
        "type": "header",
        "content": "Background"
      },
      {
        "type": "color",
        "id": "body_background_color",
        "label": "Background",
        "default": "#f3f6f6"
      },
      {
        "type": "checkbox",
        "id": "show_bg_image",
        "label": "Use background image"
      },
      {
        "type": "image",
        "id": "bg_image.png",
        "label": "Image"
      },
      {
        "type": "select",
        "id": "bg_repeat",
        "label": "Repeat",
        "options": [
          {
            "value": "no-repeat",
            "label": "None"
          },
          {
            "value": "repeat-x",
            "label": "Horizontally"
          },
          {
            "value": "repeat-y",
            "label": "Vertically"
          },
          {
            "value": "repeat",
            "label": "Both"
          }
        ],
        "default": "repeat"
      },
      {
        "type": "checkbox",
        "id": "bg_fixed",
        "label": "Fixed position"
      },
      {
        "type": "checkbox",
        "id": "bg_stretched",
        "label": "Stretch to fill all space"
      },
      {
        "type": "color",
        "id": "content_heading_color",
        "label": "Content heading text [(docs)](https:\/\/milehighthemes.zendesk.com\/hc\/en-us\/articles\/204282585-Content-text-vs-regular-text-colors)",
        "default": "#282727"
      },
      {
        "type": "color",
        "id": "content_text_color",
        "label": "Content text [(docs)](https:\/\/milehighthemes.zendesk.com\/hc\/en-us\/articles\/204282585-Content-text-vs-regular-text-colors)",
        "default": "#898989"
      },
      {
        "type": "color",
        "id": "content_link_color",
        "label": "Content link [(docs)](https:\/\/milehighthemes.zendesk.com\/hc\/en-us\/articles\/204282585-Content-text-vs-regular-text-colors)",
        "default": "#898989"
      },
      {
        "type": "header",
        "content": "Header and footer"
      },
      {
        "type": "color",
        "id": "hf_bg_color",
        "label": "Background",
        "default": "#ffffff"
      },
      {
        "type": "color",
        "id": "hf_logo_color",
        "label": "Logo text",
        "default": "#282727",
        "info": "If no logo image is specified."
      },
      {
        "type": "color",
        "id": "hf_heading_color",
        "label": "Heading text",
        "default": "#282727"
      },
      {
        "type": "color",
        "id": "hf_text_color",
        "label": "Regular text",
        "default": "#898989"
      },
      {
        "type": "color",
        "id": "hf_top_link_color",
        "label": "Header top links",
        "default": "#898989"
      },
      {
        "type": "color",
        "id": "hf_footer_link_color",
        "label": "Footer links",
        "default": "#37bbec"
      },
      {
        "type": "color",
        "id": "hf_border_color",
        "label": "Border",
        "default": "#ecefef"
      },
      {
        "type": "color",
        "id": "hf_social_color",
        "label": "Social media icons",
        "default": "#d7dbdb"
      },
      {
        "type": "header",
        "content": "Main menu"
      },
      {
        "type": "color",
        "id": "nav_text_color",
        "label": "Link text",
        "default": "#282727"
      },
      {
        "type": "color",
        "id": "nav_hover_color",
        "label": "Link hover",
        "default": "#37bbec"
      },
      {
        "type": "color",
        "id": "mm_heading_color",
        "label": "Mega menu heading text",
        "default": "#282727"
      },
      {
        "type": "header",
        "content": "Animation",
        "info": "The ShowTime theme includes coding for CSS animations throughout the site. For example, some page elements slide or roll in, and other elements appear as you scroll down the page. You can enable or disable these animation effects using the setting below."
      },
      {
        "type": "checkbox",
        "id": "show_animation",
        "label": "Enable animation",
        "default": true
      }
    ]
  },
  {
    "name": "Typography",
    "settings": [
      {
        "type": "paragraph",
        "content": "[Full documentation](http:\/\/docs.milehighthemes.com\/showtime\/#typography)"
      },
      {
        "type": "select",
        "id": "base_font",
        "label": "Body text",
        "options": [
          {
            "value": "Helvetica, Arial, sans-serif",
            "label": "Helvetica\/Arial",
            "group": "Sans-serif"
          },
          {
            "value": "Impact, Charcoal, Helvetica, Arial, sans-serif",
            "label": "Impact",
            "group": "Sans-serif"
          },
          {
            "value": "'Lucida Grande', 'Lucida Sans Unicode', 'Lucida Sans', Lucida, Helvetica, Arial, sans-serif",
            "label": "Lucida Grande",
            "group": "Sans-serif"
          },
          {
            "value": "ProximaNovaLight",
            "label": "Proxima Nova",
            "group": "Sans-serif"
          },
          {
            "value": "Trebuchet MS, sans-serif",
            "label": "Trebuchet MS",
            "group": "Sans-serif"
          },
          {
            "value": "Verdana, Helvetica, Arial, sans-serif",
            "label": "Verdana",
            "group": "Sans-serif"
          },
          {
            "value": "Google+Asap",
            "label": "Asap",
            "group": "Sans-serif | Google Web Fonts"
          },
          {
            "value": "Google+Cabin",
            "label": "Cabin",
            "group": "Sans-serif | Google Web Fonts"
          },
          {
            "value": "Google+Droid+Sans",
            "label": "Droid Sans",
            "group": "Sans-serif | Google Web Fonts"
          },
          {
            "value": "Google+Josefin+Sans",
            "label": "Josefin Sans",
            "group": "Sans-serif | Google Web Fonts"
          },          
          {
            "value": "Google+Josefin+Slab",
            "label": "Josefin Slab",
            "group": "Sans-serif | Google Web Fonts"
          },
          {
            "value": "Google+Lato",
            "label": "Lato",
            "group": "Sans-serif | Google Web Fonts"
          },
          {
            "value": "Google+Open+Sans",
            "label": "Open Sans",
            "group": "Sans-serif | Google Web Fonts"
          },
          {
            "value": "Google+Raleway",
            "label": "Raleway",
            "group": "Sans-serif | Google Web Fonts"
          },
          {
            "value": "Google+Source+Sans+Pro",
            "label": "Source Sans Pro",
            "group": "Sans-serif | Google Web Fonts"
          },
          {
            "value": "Garamond, Baskerville, Caslon, serif",
            "label": "Garamond",
            "group": "Serif"
          },
          {
            "value": "Georgia, Utopia, 'Times New Roman', Times, serif",
            "label": "Georgia",
            "group": "Serif"
          },
          {
            "value": "Palatino, 'Palatino Linotype', 'Book Antiqua', serif",
            "label": "Palatino",
            "group": "Serif"
          },
          {
            "value": "'Times New Roman', Times, serif",
            "label": "Times New Roman",
            "group": "Serif"
          },
          {
            "value": "Google+Arvo",
            "label": "Arvo",
            "group": "Serif | Google Web Fonts"
          },
          {
            "value": "Google+Copse",
            "label": "Copse",
            "group": "Serif | Google Web Fonts"
          },
          {
            "value": "Google+Droid+Serif",
            "label": "Droid Serif",
            "group": "Serif | Google Web Fonts"
          },
          {
            "value": "Google+Gentium+Book+Basic",
            "label": "Gentium Book Basic",
            "group": "Serif | Google Web Fonts"
          },
          {
            "value": "Google+Kreon",
            "label": "Kreon",
            "group": "Serif | Google Web Fonts"
          },
          {
            "value": "Google+Merriweather",
            "label": "Merriweather",
            "group": "Serif | Google Web Fonts"
          },
          {
            "value": "Google+Old+Standard+TT",
            "label": "Old Standard TT",
            "group": "Serif | Google Web Fonts"
          }
        ]
      },
      {
        "type": "select",
        "id": "header_font",
        "label": "Headings",
        "options": [
          {
            "value": "Helvetica, Arial, sans-serif",
            "label": "Helvetica\/Arial",
            "group": "Sans-serif"
          },
          {
            "value": "Impact, Charcoal, Helvetica, Arial, sans-serif",
            "label": "Impact",
            "group": "Sans-serif"
          },
          {
            "value": "'Lucida Grande', 'Lucida Sans Unicode', 'Lucida Sans', Lucida, Helvetica, Arial, sans-serif",
            "label": "Lucida Grande",
            "group": "Sans-serif"
          },
          {
            "value": "ProximaNovaLight",
            "label": "Proxima Nova",
            "group": "Sans-serif"
          },
          {
            "value": "Trebuchet MS, sans-serif",
            "label": "Trebuchet MS",
            "group": "Sans-serif"
          },
          {
            "value": "Verdana, Helvetica, Arial, sans-serif",
            "label": "Verdana",
            "group": "Sans-serif"
          },
          {
            "value": "Google+Asap",
            "label": "Asap",
            "group": "Sans-serif | Google Web Fonts"
          },
          {
            "value": "Google+Cabin",
            "label": "Cabin",
            "group": "Sans-serif | Google Web Fonts"
          },
          {
            "value": "Google+Droid+Sans",
            "label": "Droid Sans",
            "group": "Sans-serif | Google Web Fonts"
          },
          {
            "value": "Google+Josefin+Sans",
            "label": "Josefin Sans",
            "group": "Sans-serif | Google Web Fonts"
          },          
          {
            "value": "Google+Josefin+Slab",
            "label": "Josefin Slab",
            "group": "Sans-serif | Google Web Fonts"
          },
          {
            "value": "Google+Lato",
            "label": "Lato",
            "group": "Sans-serif | Google Web Fonts"
          },
          {
            "value": "Google+Open+Sans",
            "label": "Open Sans",
            "group": "Sans-serif | Google Web Fonts"
          },
          {
            "value": "Google+Raleway",
            "label": "Raleway",
            "group": "Sans-serif | Google Web Fonts"
          },
          {
            "value": "Google+Source+Sans+Pro",
            "label": "Source Sans Pro",
            "group": "Sans-serif | Google Web Fonts"
          },
          {
            "value": "Garamond, Baskerville, Caslon, serif",
            "label": "Garamond",
            "group": "Serif"
          },
          {
            "value": "Georgia, Utopia, 'Times New Roman', Times, serif",
            "label": "Georgia",
            "group": "Serif"
          },
          {
            "value": "Palatino, 'Palatino Linotype', 'Book Antiqua', serif",
            "label": "Palatino",
            "group": "Serif"
          },
          {
            "value": "'Times New Roman', Times, serif",
            "label": "Times New Roman",
            "group": "Serif"
          },
          {
            "value": "Google+Arvo",
            "label": "Arvo",
            "group": "Serif | Google Web Fonts"
          },
          {
            "value": "Google+Copse",
            "label": "Copse",
            "group": "Serif | Google Web Fonts"
          },
          {
            "value": "Google+Droid+Serif",
            "label": "Droid Serif",
            "group": "Serif | Google Web Fonts"
          },
          {
            "value": "Google+Gentium+Book+Basic",
            "label": "Gentium Book Basic",
            "group": "Serif | Google Web Fonts"
          },
          {
            "value": "Google+Kreon",
            "label": "Kreon",
            "group": "Serif | Google Web Fonts"
          },
          {
            "value": "Google+Merriweather",
            "label": "Merriweather",
            "group": "Serif | Google Web Fonts"
          },
          {
            "value": "Google+Old+Standard+TT",
            "label": "Old Standard TT",
            "group": "Serif | Google Web Fonts"
          }
        ]
      },
      {
        "type": "header",
        "content": "Main menu"
      },
      {
        "type": "select",
        "id": "nav_text_weight",
        "label": "Font weight",
        "options": [
          {
            "value": "300",
            "label": "Light"
          },
          {
            "value": "400",
            "label": "Regular"
          },
          {
            "value": "600",
            "label": "Bold"
          },
          {
            "value": "700",
            "label": "Bolder"
          },
          {
            "value": "900",
            "label": "Extra bold"
          }
        ]
      },
      {
        "type": "select",
        "id": "nav_text_transform",
        "label": "Text style",
        "options": [
          {
            "value": "none",
            "label": "Normal"
          },
          {
            "value": "lowercase",
            "label": "Lowercase"
          },
          {
            "value": "uppercase",
            "label": "Uppercase"
          }
        ]
      }
    ]
  },
  {
    "name": "Header",
    "settings": [
      {
        "type": "paragraph",
        "content": "[Full documentation](http:\/\/docs.milehighthemes.com\/showtime\/#header-footer)"
      },
      {
        "type": "select",
        "id": "header_style",
        "label": "Choose layout [(docs)](http:\/\/docs.milehighthemes.com\/showtime\/#header-styles)",
        "options": [
          {
            "value": "header1",
            "label": "Logo left, navigation right"
          },
          {
            "value": "header2",
            "label": "Logo and links top, navigation below"
          },
          {
            "value": "header3",
            "label": "Logo centered top, navigation below"
          }
        ]
      },
      {
        "type": "header",
        "content": "Top bar"
      },
      {
        "type": "select",
        "id": "heading_content",
        "label": "Choose content",
        "options": [
          {
            "value": "links",
            "label": "Links"
          },
          {
            "value": "text",
            "label": "Text"
          },
          {
            "value": "none",
            "label": "None"
          }
        ],
        "default": "links"
      },
      {
        "type": "link_list",
        "id": "header_top_linklist",
        "label": "Choose menu"
      },
      {
        "type": "text",
        "id": "header_top_text",
        "label": "Text",
        "info": "5-8 words (max)"
      },
      {
        "type": "text",
        "id": "header_phone",
        "label": "Phone number",
        "default": "800.555.5555"
      },
      {
        "type": "text",
        "id": "header_email",
        "label": "Email address",
        "default": "example@cooktime.com"
      },
      {
        "type": "header",
        "content": "Logo"
      },
      {
        "type": "checkbox",
        "id": "use_logo",
        "label": "Enable custom logo"
      },
      {
        "type": "image",
        "id": "logo.png",
        "label": "Image",
        "max-width": 350,
        "max-height": 120,
        "info": "350 x 120px max"
      },
      {
        "type": "text",
        "id": "logo_height",
        "label": "Navigation bar height",
        "info": "In order to vertically align your menu, this should be the pixel height of your logo."
      },
      {
        "type": "text",
        "id": "mobile_padding",
        "label": "Mobile nav button padding [(docs)](http:\/\/docs.milehighthemes.com\/showtime\/#mobile-nav-padding)",
        "info": "Adjusts positioning of navigation icons on mobile devices."
      },
      {
        "type": "header",
        "content": "Favicon",
        "info": "This is the small icon that shows next to the name of the site in the browser tab. It is optional."
      },
      {
        "type": "image",
        "id": "favicon.png",
        "label": "Icon",
        "info": "32 x 32px",
        "max-width": 32,
        "max-height": 32
      }
    ]
  },
  {
    "name": "Navigation",
    "settings": [
      {
        "type": "paragraph",
        "content": "[Full documentation](http:\/\/docs.milehighthemes.com\/showtime\/#nav)"
      },
      {
        "type": "radio",
        "id": "navigation_type",
        "label": "Choose type",
        "options": [
          {
            "value": "simple",
            "label": "Simple"
          },
          {
            "value": "advanced",
            "label": "Mega menu"
          }
        ]
      },
      {
        "type": "header",
        "content": "Mega menu",
        "info": "You can skip this section altogether if you chose Simple navigation above."
      },
      {
        "type": "header",
        "content": "Link 1"
      },
      {
        "type": "text",
        "id": "link_1_text",
        "label": "Text"
      },
      {
        "type": "text",
        "id": "link_1_link",
        "label": "Link URL"
      },
      {
        "type": "select",
        "id": "link_1_type",
        "label": "Menu style",
        "options": [
          {
            "value": "standard",
            "label": "Standard link"
          },
          {
            "value": "drop",
            "label": "Drop-down menu"
          },
          {
            "value": "mega2",
            "label": "Mega menu (2-col)"
          },
          {
            "value": "mega3",
            "label": "Mega menu (3-col)"
          },
          {
            "value": "mega4",
            "label": "Mega menu (4-col)"
          }
        ],
        "default": "standard"
      },
      {
        "type": "text",
        "id": "link_1_col_1_heading",
        "label": "Column 1 heading"
      },
      {
        "type": "link_list",
        "id": "link_1_col_1",
        "label": "Choose menu"
      },
      {
        "type": "text",
        "id": "link_1_col_2_heading",
        "label": "Column 2 heading"
      },
      {
        "type": "link_list",
        "id": "link_1_col_2",
        "label": "Choose menu"
      },
      {
        "type": "text",
        "id": "link_1_col_3_heading",
        "label": "Column 3 heading"
      },
      {
        "type": "link_list",
        "id": "link_1_col_3",
        "label": "Choose menu"
      },
      {
        "type": "text",
        "id": "link_1_col_4_heading",
        "label": "Column 4 heading"
      },
      {
        "type": "link_list",
        "id": "link_1_col_4",
        "label": "Choose menu"
      },
      {
        "type": "header",
        "content": "Link 2"
      },
      {
        "type": "text",
        "id": "link_2_text",
        "label": "Text"
      },
      {
        "type": "text",
        "id": "link_2_link",
        "label": "Link URL"
      },
      {
        "type": "select",
        "id": "link_2_type",
        "label": "Menu style",
        "options": [
          {
            "value": "standard",
            "label": "Standard link"
          },
          {
            "value": "drop",
            "label": "Drop-down menu"
          },
          {
            "value": "mega2",
            "label": "Mega menu (2-col)"
          },
          {
            "value": "mega3",
            "label": "Mega menu (3-col)"
          },
          {
            "value": "mega4",
            "label": "Mega menu (4-col)"
          }
        ],
        "default": "standard"
      },
      {
        "type": "text",
        "id": "link_2_col_1_heading",
        "label": "Column 1 heading"
      },
      {
        "type": "link_list",
        "id": "link_2_col_1",
        "label": "Choose menu"
      },
      {
        "type": "text",
        "id": "link_2_col_2_heading",
        "label": "Column 2 heading"
      },
      {
        "type": "link_list",
        "id": "link_2_col_2",
        "label": "Choose menu"
      },
      {
        "type": "text",
        "id": "link_2_col_3_heading",
        "label": "Column 3 heading"
      },
      {
        "type": "link_list",
        "id": "link_2_col_3",
        "label": "Choose menu"
      },
      {
        "type": "text",
        "id": "link_2_col_4_heading",
        "label": "Column 4 heading"
      },
      {
        "type": "link_list",
        "id": "link_2_col_4",
        "label": "Choose menu"
      },
      {
        "type": "header",
        "content": "Link 3"
      },
      {
        "type": "text",
        "id": "link_3_text",
        "label": "Text"
      },
      {
        "type": "text",
        "id": "link_3_link",
        "label": "Link URL"
      },
      {
        "type": "select",
        "id": "link_3_type",
        "label": "Menu style",
        "options": [
          {
            "value": "standard",
            "label": "Standard link"
          },
          {
            "value": "drop",
            "label": "Drop-down menu"
          },
          {
            "value": "mega2",
            "label": "Mega menu (2-col)"
          },
          {
            "value": "mega3",
            "label": "Mega menu (3-col)"
          },
          {
            "value": "mega4",
            "label": "Mega menu (4-col)"
          }
        ],
        "default": "standard"
      },
      {
        "type": "text",
        "id": "link_3_col_1_heading",
        "label": "Column 1 heading"
      },
      {
        "type": "link_list",
        "id": "link_3_col_1",
        "label": "Choose menu"
      },
      {
        "type": "text",
        "id": "link_3_col_2_heading",
        "label": "Column 2 heading"
      },
      {
        "type": "link_list",
        "id": "link_3_col_2",
        "label": "Choose menu"
      },
      {
        "type": "text",
        "id": "link_3_col_3_heading",
        "label": "Column 3 heading"
      },
      {
        "type": "link_list",
        "id": "link_3_col_3",
        "label": "Choose menu"
      },
      {
        "type": "text",
        "id": "link_3_col_4_heading",
        "label": "Column 4 heading"
      },
      {
        "type": "link_list",
        "id": "link_3_col_4",
        "label": "Choose menu"
      },
      {
        "type": "header",
        "content": "Link 4"
      },
      {
        "type": "text",
        "id": "link_4_text",
        "label": "Text"
      },
      {
        "type": "text",
        "id": "link_4_link",
        "label": "Link URL"
      },
      {
        "type": "select",
        "id": "link_4_type",
        "label": "Menu style",
        "options": [
          {
            "value": "standard",
            "label": "Standard link"
          },
          {
            "value": "drop",
            "label": "Drop-down menu"
          },
          {
            "value": "mega2",
            "label": "Mega menu (2-col)"
          },
          {
            "value": "mega3",
            "label": "Mega menu (3-col)"
          },
          {
            "value": "mega4",
            "label": "Mega menu (4-col)"
          }
        ],
        "default": "standard"
      },
      {
        "type": "text",
        "id": "link_4_col_1_heading",
        "label": "Column 1 heading"
      },
      {
        "type": "link_list",
        "id": "link_4_col_1",
        "label": "Choose menu"
      },
      {
        "type": "text",
        "id": "link_4_col_2_heading",
        "label": "Column 2 heading"
      },
      {
        "type": "link_list",
        "id": "link_4_col_2",
        "label": "Choose menu"
      },
      {
        "type": "text",
        "id": "link_4_col_3_heading",
        "label": "Column 3 heading"
      },
      {
        "type": "link_list",
        "id": "link_4_col_3",
        "label": "Choose menu"
      },
      {
        "type": "text",
        "id": "link_4_col_4_heading",
        "label": "Column 4 heading"
      },
      {
        "type": "link_list",
        "id": "link_4_col_4",
        "label": "Choose menu"
      },
      {
        "type": "header",
        "content": "Link 5"
      },
      {
        "type": "text",
        "id": "link_5_text",
        "label": "Text"
      },
      {
        "type": "text",
        "id": "link_5_link",
        "label": "Link URL"
      },
      {
        "type": "select",
        "id": "link_5_type",
        "label": "Menu style",
        "options": [
          {
            "value": "standard",
            "label": "Standard link"
          },
          {
            "value": "drop",
            "label": "Drop-down menu"
          },
          {
            "value": "mega2",
            "label": "Mega menu (2-col)"
          },
          {
            "value": "mega3",
            "label": "Mega menu (3-col)"
          },
          {
            "value": "mega4",
            "label": "Mega menu (4-col)"
          }
        ],
        "default": "standard"
      },
      {
        "type": "text",
        "id": "link_5_col_1_heading",
        "label": "Column 1 heading"
      },
      {
        "type": "link_list",
        "id": "link_5_col_1",
        "label": "Choose menu"
      },
      {
        "type": "text",
        "id": "link_5_col_2_heading",
        "label": "Column 2 heading"
      },
      {
        "type": "link_list",
        "id": "link_5_col_2",
        "label": "Choose menu"
      },
      {
        "type": "text",
        "id": "link_5_col_3_heading",
        "label": "Column 3 heading"
      },
      {
        "type": "link_list",
        "id": "link_5_col_3",
        "label": "Choose menu"
      },
      {
        "type": "text",
        "id": "link_5_col_4_heading",
        "label": "Column 4 heading"
      },
      {
        "type": "link_list",
        "id": "link_5_col_4",
        "label": "Choose menu"
      },
      {
        "type": "header",
        "content": "Link 6"
      },
      {
        "type": "text",
        "id": "link_6_text",
        "label": "Text"
      },
      {
        "type": "text",
        "id": "link_6_link",
        "label": "Link URL"
      },
      {
        "type": "select",
        "id": "link_6_type",
        "label": "Menu style",
        "options": [
          {
            "value": "standard",
            "label": "Standard link"
          },
          {
            "value": "drop",
            "label": "Drop-down menu"
          },
          {
            "value": "mega2",
            "label": "Mega menu (2-col)"
          },
          {
            "value": "mega3",
            "label": "Mega menu (3-col)"
          },
          {
            "value": "mega4",
            "label": "Mega menu (4-col)"
          }
        ],
        "default": "standard"
      },
      {
        "type": "text",
        "id": "link_6_col_1_heading",
        "label": "Column 1 heading"
      },
      {
        "type": "link_list",
        "id": "link_6_col_1",
        "label": "Choose menu"
      },
      {
        "type": "text",
        "id": "link_6_col_2_heading",
        "label": "Column 2 heading"
      },
      {
        "type": "link_list",
        "id": "link_6_col_2",
        "label": "Choose menu"
      },
      {
        "type": "text",
        "id": "link_6_col_3_heading",
        "label": "Column 3 heading"
      },
      {
        "type": "link_list",
        "id": "link_6_col_3",
        "label": "Choose menu"
      },
      {
        "type": "text",
        "id": "link_6_col_4_heading",
        "label": "Column 4 heading"
      },
      {
        "type": "link_list",
        "id": "link_6_col_4",
        "label": "Choose menu"
      }
    ]
  },
  {
    "name": "Sidebar",
    "settings": [
      {
        "type": "paragraph",
        "content": "Note that these settings only affect standard pages.  [Learn how to setup sidebars on collections, blogs, etc.](https:\/\/milehighthemes.zendesk.com\/hc\/en-us\/articles\/208138463)"
      },
      {
        "type": "header",
        "content": "Menu"
      },
      {
        "type": "link_list",
        "id": "page_link_list",
        "label": "Choose menu"
      },
      {
        "type": "header",
        "content": "Collections menu"
      },
      {
        "type": "checkbox",
        "id": "show_sidebar_page_collections",
        "label": "Enable"
      },
      {
        "type": "header",
        "content": "Products"
      },
      {
        "type": "checkbox",
        "id": "show_page_sidebar_sale",
        "label": "Enable"
      },
      {
        "type": "collection",
        "id": "sidebar_page_sale_collection",
        "label": "Choose collection"
      },
      {
        "type": "select",
        "id": "sidebar_page_product_count",
        "label": "Number of products",
        "options": [
          {
            "value": "1",
            "label": "1"
          },
          {
            "value": "2",
            "label": "2"
          },
          {
            "value": "3",
            "label": "3"
          },
          {
            "value": "4",
            "label": "4"
          },
          {
            "value": "5",
            "label": "5"
          },
          {
            "value": "6",
            "label": "6"
          }
        ],
        "default": "4"
      }
    ]
  },
  {
    "name": "Footer",
    "settings": [
      {
        "type": "paragraph",
        "content": "[Full documentation](http:\/\/docs.milehighthemes.com\/showtime\/#footer)"
      },
      {
        "type": "header",
        "content": "Footer buttons",
        "info": "In this section, you populate the four \"call to action\" boxes at the top of the footer. For each, you can enter the text (2-5 words works best), choose an icon, and provide a link."
      },
      {
        "type": "checkbox",
        "id": "show_footer_top",
        "label": "Enable"
      },
      {
        "type": "header",
        "content": "Button 1"
      },
      {
        "type": "text",
        "id": "cta_1_text",
        "label": "Text"
      },
      {
        "type": "paragraph",
        "content": "Icon"
      },
      {
        "type": "paragraph",
        "content": "[See icon choices](http:\/\/fontawesome.io\/icons\/)"
      },
      {
        "type": "text",
        "id": "cta_1_icon",
        "label": "fa-"
      },
      {
        "type": "text",
        "id": "cta_1_link",
        "label": "Link URL"
      },
      {
        "type": "header",
        "content": "Button 2"
      },
      {
        "type": "text",
        "id": "cta_2_text",
        "label": "Text"
      },
      {
        "type": "paragraph",
        "content": "Icon"
      },
      {
        "type": "paragraph",
        "content": "[See icon choices](http:\/\/fontawesome.io\/icons\/)"
      },
      {
        "type": "text",
        "id": "cta_2_icon",
        "label": "fa-"
      },
      {
        "type": "text",
        "id": "cta_2_link",
        "label": "Link URL"
      },
      {
        "type": "header",
        "content": "Button 3"
      },
      {
        "type": "text",
        "id": "cta_3_text",
        "label": "Text"
      },
      {
        "type": "paragraph",
        "content": "Icon"
      },
      {
        "type": "paragraph",
        "content": "[See icon choices](http:\/\/fontawesome.io\/icons\/)"
      },
      {
        "type": "text",
        "id": "cta_3_icon",
        "label": "fa-"
      },
      {
        "type": "text",
        "id": "cta_3_link",
        "label": "Link URL"
      },
      {
        "type": "header",
        "content": "Button 4"
      },
      {
        "type": "text",
        "id": "cta_4_text",
        "label": "Text"
      },
      {
        "type": "paragraph",
        "content": "Icon"
      },
      {
        "type": "paragraph",
        "content": "[See icon choices](http:\/\/fontawesome.io\/icons\/)"
      },
      {
        "type": "text",
        "id": "cta_4_icon",
        "label": "fa-"
      },
      {
        "type": "text",
        "id": "cta_4_link",
        "label": "Link URL"
      },
      {
        "type": "header",
        "content": "Footer - column 1"
      },
      {
        "type": "text",
        "id": "footer_1_heading",
        "label": "Heading text",
        "default": "Quick Links"
      },
      {
        "type": "link_list",
        "id": "footer_linklist_1",
        "label": "Choose menu"
      },
      {
        "type": "textarea",
        "id": "footer_1_text",
        "label": "Text",
        "info": "Appears only if you do not choose a menu above."
      },
      {
        "type": "header",
        "content": "Footer - column 2"
      },
      {
        "type": "text",
        "id": "footer_2_heading",
        "label": "Heading text",
        "default": "Contact Info"
      },
      {
        "type": "link_list",
        "id": "footer_linklist_2",
        "label": "Choose menu"
      },
      {
        "type": "textarea",
        "id": "footer_2_text",
        "label": "Text",
        "info": "Appears only if you do not choose a menu above."
      },
      {
        "type": "header",
        "content": "Footer - column 3"
      },
      {
        "type": "text",
        "id": "footer_3_heading",
        "label": "Heading text",
        "default": "Contact Info"
      },
      {
        "type": "link_list",
        "id": "footer_linklist_3",
        "label": "Choose menu"
      },
      {
        "type": "textarea",
        "id": "footer_3_text",
        "label": "Text",
        "info": "Appears only if you do not choose a menu above."
      },
      {
        "type": "header",
        "content": "Footer - column 4"
      },
      {
        "type": "text",
        "id": "footer_4_heading",
        "label": "Heading text",
        "default": "Stay in Touch"
      },
      {
        "type": "textarea",
        "id": "footer_4_text",
        "label": "Text"
      },
      {
        "type": "header",
        "content": "Payment methods"
      },
      {
        "type": "checkbox",
        "id": "show_payment_methods",
        "label": "Enable payment methods",
        "info": "The payment methods icons that will show here are dependant on which payments you accept in your [payment settings](\/admin\/settings\/payments)."
      }
    ]
  },
  {
    "name": "Home page - slideshow",
    "settings": [
      {
        "type": "paragraph",
        "content": "[Full documentation](http:\/\/docs.milehighthemes.com\/showtime\/#page-home)"
      },
      {
        "type": "checkbox",
        "id": "use_slider",
        "label": "Enable slideshow on home page"
      },
      {
        "type": "checkbox",
        "id": "use_slider_mobile",
        "label": "Enable slideshow on mobile devices",
        "info": "If unchecked, the slideshow will be hidden on devices with resolutions below 767px wide."
      },
      {
        "type": "paragraph",
        "content": "Images will automatically scale to fit the full width of the user's screen. To ensure the highest quality on all screen resolutions, upload images that are at least 1400px wide. We recommend 1600 x 800px. For best results, keep all your slideshow images the same size."
      },
      {
        "type": "header",
        "content": "Slide 1"
      },
      {
        "type": "checkbox",
        "id": "slideshow_1_active",
        "label": "Enable slide 1"
      },
      {
        "type": "image",
        "id": "slideshow_1.jpg",
        "label": "Image",
        "max-width": 1920
      },
      {
        "type": "checkbox",
        "id": "slideshow_1_caption_overlay",
        "label": "Enable text background"
      },
      {
        "type": "text",
        "id": "slideshow_1_title",
        "label": "Heading text"
      },
      {
        "type": "textarea",
        "id": "slideshow_1_subtitle",
        "label": "Subheading text"
      },
      {
        "type": "textarea",
        "id": "slideshow_1_subsubtitle",
        "label": "Caption text"
      },
      {
        "type": "text",
        "id": "slideshow_1_button_text",
        "label": "Button text"
      },
      {
        "type": "text",
        "id": "slideshow_1_link",
        "label": "Link URL"
      },
      {
        "type": "header",
        "content": "Slide 2"
      },
      {
        "type": "checkbox",
        "id": "slideshow_2_active",
        "label": "Enable slide 2"
      },
      {
        "type": "image",
        "id": "slideshow_2.jpg",
        "label": "Image",
        "max-width": 1920
      },
      {
        "type": "checkbox",
        "id": "slideshow_2_caption_overlay",
        "label": "Enable text background"
      },
      {
        "type": "text",
        "id": "slideshow_2_title",
        "label": "Heading text"
      },
      {
        "type": "textarea",
        "id": "slideshow_2_subtitle",
        "label": "Subheading text"
      },
      {
        "type": "textarea",
        "id": "slideshow_2_subsubtitle",
        "label": "Caption text"
      },
      {
        "type": "text",
        "id": "slideshow_2_button_text",
        "label": "Button text"
      },
      {
        "type": "text",
        "id": "slideshow_2_link",
        "label": "Link URL"
      },
      {
        "type": "header",
        "content": "Slide 3"
      },
      {
        "type": "checkbox",
        "id": "slideshow_3_active",
        "label": "Enable slide 3"
      },
      {
        "type": "image",
        "id": "slideshow_3.jpg",
        "label": "Image",
        "max-width": 1920
      },
      {
        "type": "checkbox",
        "id": "slideshow_3_caption_overlay",
        "label": "Enable text background"
      },
      {
        "type": "text",
        "id": "slideshow_3_title",
        "label": "Heading text"
      },
      {
        "type": "textarea",
        "id": "slideshow_3_subtitle",
        "label": "Subheading text"
      },
      {
        "type": "textarea",
        "id": "slideshow_3_subsubtitle",
        "label": "Caption text"
      },
      {
        "type": "text",
        "id": "slideshow_3_button_text",
        "label": "Button text"
      },
      {
        "type": "text",
        "id": "slideshow_3_link",
        "label": "Link URL"
      },
      {
        "type": "header",
        "content": "Slide 4"
      },
      {
        "type": "checkbox",
        "id": "slideshow_4_active",
        "label": "Enable slide 4"
      },
      {
        "type": "image",
        "id": "slideshow_4.jpg",
        "label": "Image",
        "max-width": 1920
      },
      {
        "type": "checkbox",
        "id": "slideshow_4_caption_overlay",
        "label": "Enable text background"
      },
      {
        "type": "text",
        "id": "slideshow_4_title",
        "label": "Heading text"
      },
      {
        "type": "textarea",
        "id": "slideshow_4_subtitle",
        "label": "Subheading text"
      },
      {
        "type": "textarea",
        "id": "slideshow_4_subsubtitle",
        "label": "Caption text"
      },
      {
        "type": "text",
        "id": "slideshow_4_button_text",
        "label": "Button text"
      },
      {
        "type": "text",
        "id": "slideshow_4_link",
        "label": "Link URL"
      },
      {
        "type": "header",
        "content": "Slide 5"
      },
      {
        "type": "checkbox",
        "id": "slideshow_5_active",
        "label": "Enable slide 5"
      },
      {
        "type": "image",
        "id": "slideshow_5.jpg",
        "label": "Image",
        "max-width": 1920
      },
      {
        "type": "checkbox",
        "id": "slideshow_5_caption_overlay",
        "label": "Enable text background"
      },
      {
        "type": "text",
        "id": "slideshow_5_title",
        "label": "Heading text"
      },
      {
        "type": "textarea",
        "id": "slideshow_5_subtitle",
        "label": "Subheading text"
      },
      {
        "type": "textarea",
        "id": "slideshow_5_subsubtitle",
        "label": "Caption text"
      },
      {
        "type": "text",
        "id": "slideshow_5_button_text",
        "label": "Button text"
      },
      {
        "type": "text",
        "id": "slideshow_5_link",
        "label": "Link URL"
      }
    ]
  },
  {
    "name": "Home page - featured images",
    "settings": [
      {
        "type": "paragraph",
        "content": "[Full documentation](http:\/\/docs.milehighthemes.com\/showtime\/#page-home)"
      },
      {
        "type": "select",
        "id": "featured_images_content",
        "label": "Choose layout",
        "options": [
          {
            "value": "none",
            "label": "None"
          },
          {
            "value": "2_images",
            "label": "1 row, 2 images"
          },
          {
            "value": "3_images",
            "label": "1 row, 3 images"
          },
          {
            "value": "5_images",
            "label": "2 rows, 5 images"
          }
        ],
        "default": "2_images"
      },
      {
        "type": "paragraph",
        "content": "We recommend images at least 800px wide. Height is flexible but the images in each row should be the same height. [Aspect ratio calculator](http:\/\/andrew.hedges.name\/experiments\/aspect_ratio\/)"
      },
      {
        "type": "header",
        "content": "Image 1"
      },
      {
        "type": "image",
        "id": "promo-1.jpg",
        "label": "Image"
      },
      {
        "type": "select",
        "id": "promo_banner_1_position",
        "label": "Text position",
        "options": [
          {
            "value": "bottom",
            "label": "Bottom"
          },
          {
            "value": "top",
            "label": "Top"
          }
        ]
      },
      {
        "type": "textarea",
        "id": "promo_banner_1_heading",
        "label": "Heading"
      },
      {
        "type": "textarea",
        "id": "promo_banner_1_subtext",
        "label": "Subheading"
      },
      {
        "type": "text",
        "id": "promo_banner_1_link",
        "label": "Link URL"
      },
      {
        "type": "header",
        "content": "Image 2"
      },
      {
        "type": "image",
        "id": "promo-2.jpg",
        "label": "Image"
      },
      {
        "type": "select",
        "id": "promo_banner_2_position",
        "label": "Text position",
        "options": [
          {
            "value": "bottom",
            "label": "Bottom"
          },
          {
            "value": "top",
            "label": "Top"
          }
        ]
      },
      {
        "type": "textarea",
        "id": "promo_banner_2_heading",
        "label": "Heading"
      },
      {
        "type": "textarea",
        "id": "promo_banner_2_subtext",
        "label": "Subheading"
      },
      {
        "type": "text",
        "id": "promo_banner_2_link",
        "label": "Link URL"
      },
      {
        "type": "header",
        "content": "Image 3"
      },
      {
        "type": "image",
        "id": "promo-3.jpg",
        "label": "Image"
      },
      {
        "type": "select",
        "id": "promo_banner_3_position",
        "label": "Text position",
        "options": [
          {
            "value": "bottom",
            "label": "Bottom"
          },
          {
            "value": "top",
            "label": "Top"
          }
        ]
      },
      {
        "type": "textarea",
        "id": "promo_banner_3_heading",
        "label": "Heading"
      },
      {
        "type": "textarea",
        "id": "promo_banner_3_subtext",
        "label": "Subheading"
      },
      {
        "type": "text",
        "id": "promo_banner_3_link",
        "label": "Link URL"
      },
      {
        "type": "header",
        "content": "Image 4"
      },
      {
        "type": "image",
        "id": "promo-4.jpg",
        "label": "Image"
      },
      {
        "type": "select",
        "id": "promo_banner_4_position",
        "label": "Text position",
        "options": [
          {
            "value": "bottom",
            "label": "Bottom"
          },
          {
            "value": "top",
            "label": "Top"
          }
        ]
      },
      {
        "type": "textarea",
        "id": "promo_banner_4_heading",
        "label": "Heading"
      },
      {
        "type": "textarea",
        "id": "promo_banner_4_subtext",
        "label": "Subheading"
      },
      {
        "type": "text",
        "id": "promo_banner_4_link",
        "label": "Link URL"
      },
      {
        "type": "header",
        "content": "Image 5"
      },
      {
        "type": "image",
        "id": "promo-5.jpg",
        "label": "Image"
      },
      {
        "type": "select",
        "id": "promo_banner_5_position",
        "label": "Text position",
        "options": [
          {
            "value": "bottom",
            "label": "Bottom"
          },
          {
            "value": "top",
            "label": "Top"
          }
        ]
      },
      {
        "type": "textarea",
        "id": "promo_banner_5_heading",
        "label": "Heading"
      },
      {
        "type": "textarea",
        "id": "promo_banner_5_subtext",
        "label": "Subheading"
      },
      {
        "type": "text",
        "id": "promo_banner_5_link",
        "label": "Link URL"
      }
    ]
  },
  {
    "name": "Home page - text",
    "settings": [
      {
        "type": "paragraph",
        "content": "[Full documentation](http:\/\/docs.milehighthemes.com\/showtime\/#page-home)"
      },
      {
        "type": "checkbox",
        "id": "use_home_cta",
        "label": "Enable"
      },
      {
        "type": "textarea",
        "id": "home_cta_heading",
        "label": "Heading text"
      },
      {
        "type": "textarea",
        "id": "home_cta_subtext",
        "label": "Text"
      },
      {
        "type": "text",
        "id": "home_cta_link",
        "label": "Link URL"
      },
      {
        "type": "checkbox",
        "id": "use_home_cta_image",
        "label": "Enable image"
      },
      {
        "type": "image",
        "id": "home-cta.jpg",
        "label": "Image",
        "info": "Wide landscape images work best. The demo image is 1030 x 388px."
      }
    ]
  },
  {
    "name": "Home page - featured content",
    "settings": [
      {
        "type": "paragraph",
        "content": "[Full documentation](http:\/\/docs.milehighthemes.com\/showtime\/#page-home)"
      },
      {
        "type": "checkbox",
        "id": "use_page_content",
        "label": "Enable"
      },
      {
        "type": "page",
        "id": "page_title",
        "label": "Choose page"
      }
    ]
  },
  {
    "name": "Home page - featured products",
    "settings": [
      {
        "type": "paragraph",
        "content": "[Full documentation](http:\/\/docs.milehighthemes.com\/showtime\/#page-home)"
      },
      {
        "type": "checkbox",
        "id": "use_featured_products",
        "label": "Enable featured products"
      },
      {
        "type": "collection",
        "id": "featured_collection",
        "label": "Choose collection"
      }
    ]
  },
  {
    "name": "Home page - Instagram",
    "settings": [
      {
        "type": "paragraph",
        "content": "[Full documentation](https:\/\/milehighthemes.zendesk.com\/hc\/en-us\/articles\/203710499-Using-the-Instagram-widget-on-your-homepage)"
      },
      {
        "type": "checkbox",
        "id": "use_instagram_widget",
        "label": "Enable feed"
      },
      {
        "type": "text",
        "id": "instagram_client_id",
        "label": "Access token",
        "info": "[Get your access token](http:\/\/www.milehighthemes.com\/pages\/instagram-integration)"
      },
      {
        "type": "select",
        "id": "instagram_number",
        "label": "Total images",
        "options": [
          {
            "value": "4",
            "label": "4"
          },
          {
            "value": "6",
            "label": "6"
          },
          {
            "value": "8",
            "label": "8"
          },
          {
            "value": "12",
            "label": "12"
          },
          {
            "value": "16",
            "label": "16"
          },
          {
            "value": "20",
            "label": "20"
          },
          {
            "value": "24",
            "label": "24"
          }
        ],
        "default": "6"
      }
    ]
  },
  {
    "name": "Product page",
    "settings": [
      {
        "type": "paragraph",
        "content": "[Full documentation](http:\/\/docs.milehighthemes.com\/showtime\/#page-product)"
      },
      {
        "type": "checkbox",
        "id": "related_products",
        "label": "Enable related products"
      },
      {
        "type": "checkbox",
        "id": "product_reviews",
        "label": "Enable reviews",
        "info": "Requires free [Shopify Product Reviews](https:\/\/apps.shopify.com\/product-reviews) app."
      },
      {
        "type": "checkbox",
        "id": "show_product_swatches",
        "label": "Enable swatches [(docs)](http:\/\/docs.milehighthemes.com\/showtime\/#swatches)"
      },
      {
        "type": "checkbox",
        "id": "show_product_zoom",
        "label": "Enable image zoom [(docs)](http:\/\/docs.milehighthemes.com\/showtime\/#zoom)",
        "info": "Recommended only if you have large, high-quality product images."
      },
      {
        "type": "header",
        "content": "Tabs"
      },
      {
        "type": "checkbox",
        "id": "show_product_tab_1",
        "label": "Enable tab 1",
        "info": "Required if you enable product reviews."
      },
      {
        "type": "page",
        "id": "product_tab_1_page",
        "label": "Choose page",
        "info": "Specify a page here only if you are not using product reviews."
      },
      {
        "type": "checkbox",
        "id": "show_product_tab_2",
        "label": "Enable tab 2"
      },
      {
        "type": "page",
        "id": "product_tab_2_page",
        "label": "Choose page"
      },
      {
        "type": "checkbox",
        "id": "show_product_tab_3",
        "label": "Enable tab 3"
      },
      {
        "type": "page",
        "id": "product_tab_3_page",
        "label": "Choose page"
      },
      {
        "type": "checkbox",
        "id": "show_product_tab_4",
        "label": "Enable tab 4"
      },
      {
        "type": "page",
        "id": "product_tab_4_page",
        "label": "Choose page"
      }
    ]
  },
  {
    "name": "Collection page",
    "settings": [
      {
        "type": "paragraph",
        "content": "[Full documentation](http:\/\/docs.milehighthemes.com\/showtime\/#page-collection)"
      },
      {
        "type": "header",
        "content": "Display options"
      },
      {
        "type": "select",
        "id": "product_grid_layout",
        "label": "Grid layout",
        "options": [
          {
            "value": "4-col",
            "label": "Four columns"
          },
          {
            "value": "3-col",
            "label": "Three columns"
          },
          {
            "value": "2-col",
            "label": "Two columns"
          }
        ],
        "default": "4-col"
      },
      {
        "type": "select",
        "id": "pagination_limit",
        "label": "Products per page",
        "options": [
          {
            "value": "4",
            "label": "4"
          },
          {
            "value": "8",
            "label": "8"
          },
          {
            "value": "12",
            "label": "12"
          },
          {
            "value": "16",
            "label": "16"
          },
          {
            "value": "20",
            "label": "20"
          },
          {
            "value": "24",
            "label": "24"
          },
          {
            "value": "32",
            "label": "32"
          },
          {
            "value": "48",
            "label": "48"
          }
        ],
        "default": "12"
      },
      
      {
        "type": "checkbox",
        "id": "show_grid_type",
        "label": "Show product type"
      },
      {
        "type": "checkbox",
        "id": "show_collection_overlay",
        "label": "Enable hover buttons [(docs)](http:\/\/docs.milehighthemes.com\/showtime\/#overlay)"
      },
      {
        "type": "select",
        "id": "collection_overlay",
        "label": "Button type [(docs)](http:\/\/docs.milehighthemes.com\/showtime\/#overlay)",
        "options": [
          {
            "value": "quick-view",
            "label": "Product quick view"
          },
          {
            "value": "cart-info",
            "label": "Add to cart \/ more info"
          }
        ]
      },
      {
        "type": "header",
        "content": "Product filtering"
      },
      {
        "type": "select",
        "id": "collection_sidebar_filters",
        "label": "Product filtering method [(docs)](http:\/\/docs.milehighthemes.com\/showtime\/#product-filtering)",
        "options": [
          {
            "value": "groups",
            "label": "Group filtering"
          },
          {
            "value": "simple-tags",
            "label": "Simple tag list"
          },
          {
            "value": "none",
            "label": "No filtering"
          }
        ],
        "default": "simple-tags"
      },
      {
        "type": "header",
        "content": "Group ordering",
        "info": "You only need to adjust these options if you've chosen \"Group filtering\" above"
      },
      {
        "type": "text",
        "id": "group_array",
        "label": "Type desired group order in a comma-separated list",
        "info": "List items must be identical to the tag prefixes used for filtering (no underscore), and have no spaces between commas (e.g. Brand,Product Type,Burn Time,Colour)"
      },
      {
        "type": "header",
        "content": "Other sidebar widgets"
      },
      {
        "type": "checkbox",
        "id": "show_sidebar_collections",
        "label": "Enable collections"
      },
      {
        "type": "checkbox",
        "id": "show_sidebar_vendors",
        "label": "Enable vendors"
      },
      {
        "type": "checkbox",
        "id": "show_collection_sidebar_sale",
        "label": "Enable products"
      },
      {
        "type": "collection",
        "id": "sidebar_collection_sale_collection",
        "label": "Choose collection"
      },
      {
        "type": "select",
        "id": "sidebar_collection_product_count",
        "label": "Number of products",
        "options": [
          {
            "value": "1",
            "label": "1"
          },
          {
            "value": "2",
            "label": "2"
          },
          {
            "value": "3",
            "label": "3"
          },
          {
            "value": "4",
            "label": "4"
          },
          {
            "value": "5",
            "label": "5"
          },
          {
            "value": "6",
            "label": "6"
          }
        ],
        "default": "4"
      }
    ]
  },
  {
    "name": "Contact page",
    "settings": [
      {
        "type": "paragraph",
        "content": "[Full documentation](http:\/\/docs.milehighthemes.com\/showtime\/#page-contact)"
      },
      {
        "type": "checkbox",
        "id": "show_google_map",
        "label": "Enable Google map"
      },
      {
        "type": "text",
        "id": "google_lat",
        "label": "Latitude coordinates [(docs)](http:\/\/itouchmap.com\/latlong.html)",
        "default": "37.783914"
      },
      {
        "type": "text",
        "id": "google_long",
        "label": "Longitude coordinates [(docs)](http:\/\/itouchmap.com\/latlong.html)",
        "default": "-122.403297"
      }
    ]
  },
  {
    "name": "Cart",
    "settings": [
      {
        "type": "paragraph",
        "content": "[Full documentation](http:\/\/docs.milehighthemes.com\/showtime\/#page-cart)"
      },
      {
        "type": "select",
        "id": "cart_type",
        "label": "Cart type",
        "options": [
          {
            "value": "modal",
            "label": "Modal"
          },
          {
            "value": "page",
            "label": "Page"
          }
        ],
        "default": "modal",
        "info": "If modal is enabled, users are not redirected to the cart after adding an item. Instead, a popup appears allowing them to view their cart or continue shopping."
      },
      {
        "type": "checkbox",
        "id": "cart_notes",
        "label": "Enable order notes"
      },
      {
        "type": "header",
        "content": "Sidebar options"
      },
      {
        "type": "checkbox",
        "id": "show_cart_sidebar",
        "label": "Enable sidebar"
      },
      {
        "type": "checkbox",
        "id": "show_sidebar_cart_links",
        "label": "Enable links"
      },
      {
        "type": "link_list",
        "id": "cart_link_list",
        "label": "Choose menu"
      },
      {
        "type": "header",
        "content": "Shipping rate calculator"
      },
      {
        "type": "checkbox",
        "id": "show_shipping_calculator",
        "label": "Display shipping rates calculator"
      },
      {
        "type": "text",
        "id": "shipping_calculator_default_country",
        "label": "Shipping rates calculator default country selection",
        "default": "United States"
      },
      {
        "type": "paragraph",
        "content": "If your customer is logged-in, the country in his default shipping address will be selected.  If you are not sure about the spelling to use above, refer to your first checkout page."
      }
    ]
  },
  {
    "name": "Newsletter",
    "settings": [
      {
        "type": "paragraph",
        "content": "[Full documentation](https:\/\/milehighthemes.zendesk.com\/hc\/en-us\/articles\/205443785-Setting-up-integration-with-MailChimp)"
      },
      {
        "type": "text",
        "id": "mailing_list_form_action",
        "label": "MailChimp form action URL",
        "info": "[Where to find this](http:\/\/docs.shopify.com\/support\/configuration\/store-customization\/where-do-i-get-my-mailchimp-form-action)"
      },
      {
        "type": "checkbox",
        "id": "footer_display_newsletter",
        "label": "Enable form in footer"
      },
      {
        "type": "checkbox",
        "id": "entry_popup_newsletter",
        "label": "Enable newsletter in popup",
        "default": true
      }
    ]
  },
    {
    "name": "Blog page",
    "settings": [
      {
        "type": "paragraph",
        "content": "[Full documentation](http:\/\/docs.milehighthemes.com\/showtime\/#page-blog)"
      },
      {
        "type": "select",
        "id": "blog_layout",
        "label": "Layout [(docs)](http:\/\/docs.milehighthemes.com\/showtime\/#blog-layout)",
        "options": [
          {
            "value": "full",
            "label": "Full width"
          },
          {
            "value": "2-column",
            "label": "2-column masonry"
          },
          {
            "value": "3-column",
            "label": "3-column masonry"
          }
        ]
      },
      {
        "type": "checkbox",
        "id": "show_sidebar_recent_posts",
        "label": "Enable recent posts"
      },
      {
        "type": "checkbox",
        "id": "show_sidebar_blog_tags",
        "label": "Enable tags"
      }
    ]
  },
  {
    "name": "Social media",
    "settings": [
      {
        "type": "paragraph",
        "content": "[Full documentation](http:\/\/docs.milehighthemes.com\/showtime\/#social-media)"
      },
      {
        "type": "header",
        "content": "Accounts",
        "info": "Social media icons appear in various locations throughout the site. If you do not have an account at a particular site, leave the field blank and the icon will not show."
      },
      {
        "type": "text",
        "id": "twitter_link",
        "label": "Twitter",
        "info": "https:\/\/twitter.com\/shopify"
      },
      {
        "type": "text",
        "id": "facebook_link",
        "label": "Facebook",
        "info": "https:\/\/facebook.com\/shopify"
      },
      {
        "type": "text",
        "id": "pinterest_link",
        "label": "Pinterest",
        "info": "http:\/\/www.pinterest.com\/shopify\/"
      },
      {
        "type": "text",
        "id": "google_plus_link",
        "label": "Google Plus",
        "info": "https:\/\/plus.google.com\/+shopify"
      },
      {
        "type": "text",
        "id": "instagram_link",
        "label": "Instagram",
        "info": "http:\/\/instagram.com\/shopify"
      },
      {
        "type": "text",
        "id": "tumblr_link",
        "label": "Tumblr",
        "info": "http:\/\/www.tumblr.com\/tagged\/shopify"
      },
      {
        "type": "text",
        "id": "youtube_link",
        "label": "YouTube",
        "info": "https:\/\/www.youtube.com\/user\/shopify"
      },
      {
        "type": "text",
        "id": "vimeo_link",
        "label": "Vimeo",
        "info": "http:\/\/vimeo.com\/shopify"
      },
      {
        "type": "checkbox",
        "id": "footer_display_social",
        "label": "Enable icons in footer"
      },
      {
        "type": "checkbox",
        "id": "entry_popup_social",
        "label": "Enable icons in popup",
        "default": true
      }
    ]
  },
    {
    "name": "Popup",
    "settings": [
      {
        "type": "checkbox",
        "id": "show_entry_popup",
        "label": "Enable",
        "default": true
      },
      {
        "type": "select",
        "id": "popup_delay",
        "label": "Delay until popup appears",
        "options": [
          {
            "value": "0",
            "label": "None"
          },
          {
            "value": "5000",
            "label": "5 seconds"
          },
          {
            "value": "10000",
            "label": "10 seconds"
          },
          {
            "value": "20000",
            "label": "20 seconds"
          },
          {
            "value": "30000",
            "label": "30 seconds"
          }
        ],
        "default": "5000"
      },
      {
        "type": "select",
        "id": "popup_return",
        "label": "Amount of time before the popup re-appears for the user",
        "options": [
          {
            "value": "7",
            "label": "1 week"
          },
          {
            "value": "14",
            "label": "2 weeks"
          },
          {
            "value": "30",
            "label": "1 month"
          },
          {
            "value": "60",
            "label": "2 months"
          },
          {
            "value": "90",
            "label": "3 months"
          },
          {
            "value": "2000",
            "label": "Never"
          }
        ],
        "default": "7"
      },
      {
        "type": "text",
        "id": "entry_popup_heading",
        "label": "Heading text"
      },
      {
        "type": "textarea",
        "id": "entry_popup_text",
        "label": "Text"
      }
    ]
  },
  {
    "name": "Currency",
    "settings": [
      {
      "type": "paragraph",
      "content": "To offer multiple currencies on your online store, you must first [edit your store's currency formatting](https://docs.shopify.com/support/settings/general/tell-my-script-where-to-find-money-formats)."
      },
      {
        "type": "checkbox",
        "id": "show_multiple_currencies",
        "label": "Enable currency conversion",
        "default": true,
        "info": "Even though prices are displayed in different currencies, orders will still be processed in your store's currency."
      },
      {
        "type": "select",
        "id": "currency_format",
        "label": "Format",
        "options": [
          {
            "value": "money_format",
            "label": "Without currency ($10.00)"
          },
          {
            "value": "money_with_currency_format",
            "label": "With currency ($10.00 CAD)"
          }
        ],
        "default": "money_with_currency_format"
      },
      {
        "type": "text",
        "id": "supported_currencies",
        "label": "Supported currencies",
        "default": "USD CAD INR GBP AUD EUR JPY",
        "info": "Use the country's ISO [currency code](http://www.xe.com/iso4217.php). Separate your currency codes with a space."
      },
      {
        "type": "text",
        "id": "default_currency",
        "label": "Default currency",
        "default": "USD"
      }
    ]
  }
]