{
  "current": "CookTime",
    "presets": {
    "CookTime": {
      "show_animation": true,
      "mailing_list_form_action": "",
      "show_multiple_currencies": true,
      "currency_format": "money_format",
      "supported_currencies": "USD CAD GBP EUR AUD",
      "default_currency": "USD",
      "show_currency_disclaimer": true,
      "show_entry_popup": false,
      "popup_delay": "5000",
      "popup_return": "7",
      "entry_popup_heading": "",
      "entry_popup_text": "",
      "entry_popup_newsletter": false,
      "entry_popup_social": false,
      "primary_color": "#37bbec",
      "secondary_color": "#fbcf00",
      "heading_text_color": "#282727",
      "body_text_color": "#898989",
      "link_hover_color": "#2a6496",
      "button_text_color": "#ffffff",
      "body_background_color": "#f3f6f6",
      "show_bg_image": false,
      "bg_repeat": "no-repeat",
      "bg_fixed": false,
      "bg_stretched": false,
      "content_heading_color": "#282827",
      "content_text_color": "#898989",
      "content_link_color": "#37bbec",
      "hf_bg_color": "#ffffff",
      "hf_logo_color": "#282727",
      "hf_heading_color": "#282727",
      "hf_text_color": "#898989",
      "hf_top_link_color": "#898989",
      "hf_footer_link_color": "#37bbec",
      "hf_border_color": "#ecefef",
      "hf_social_color": "#d7dbdb",
      "nav_text_color": "#282727",
      "nav_hover_color": "#37bbec",
      "mm_heading_color": "#282727",
      "heading_typeface_method": "google_heading_fonts",
      "google_heading_font": "Lato",
      "standard_heading_font": "Helvetica, Arial, sans-serif",
      "body_typeface_method": "google_body_fonts",
      "google_body_font": "Lato",
      "standard_body_font": "Helvetica, Arial, sans-serif",
      "nav_text_weight": "900",
      "nav_text_transform": "uppercase",
      "header_style": "header1",
      "header_top_linklist": "main-menu",
      "show_header_phone": true,
      "header_phone": "800.555.5555",
      "show_header_email": true,
      "header_email": "example@showtime.com",
      "use_logo": false,
      "logo_height": "",
      "mobile_padding": "",
      "navigation_type": "simple",
      "link_1_text": "",
      "link_1_link": "",
      "link_1_type": "standard",
      "link_1_col_1_heading": "",
      "link_1_col_1": "",
      "link_1_col_2_heading": "",
      "link_1_col_2": "",
      "link_1_col_3_heading": "",
      "link_1_col_3": "",
      "link_1_col_4_heading": "",
      "link_1_col_4": "",
      "link_2_text": "",
      "link_2_link": "",
      "link_2_type": "standard",
      "link_2_col_1_heading": "",
      "link_2_col_1": "",
      "link_2_col_2_heading": "",
      "link_2_col_2": "",
      "link_2_col_3_heading": "",
      "link_2_col_3": "",
      "link_2_col_4_heading": "",
      "link_2_col_4": "",
      "link_3_text": "",
      "link_3_link": "",
      "link_3_type": "standard",
      "link_3_col_1_heading": "",
      "link_3_col_1": "",
      "link_3_col_2_heading": "",
      "link_3_col_2": "",
      "link_3_col_3_heading": "",
      "link_3_col_3": "",
      "link_3_col_4_heading": "",
      "link_3_col_4": "",
      "link_4_text": "",
      "link_4_link": "",
      "link_4_type": "standard",
      "link_4_col_1_heading": "",
      "link_4_col_1": "",
      "link_4_col_2_heading": "",
      "link_4_col_2": "",
      "link_4_col_3_heading": "",
      "link_4_col_3": "",
      "link_4_col_4_heading": "",
      "link_4_col_4": "",
      "link_5_text": "",
      "link_5_link": "",
      "link_5_type": "standard",
      "link_5_col_1_heading": "",
      "link_5_col_1": "",
      "link_5_col_2_heading": "",
      "link_5_col_2": "",
      "link_5_col_3_heading": "",
      "link_5_col_3": "",
      "link_5_col_4_heading": "",
      "link_5_col_4": "",
      "link_6_text": "",
      "link_6_link": "",
      "link_6_type": "standard",
      "link_6_col_1_heading": "",
      "link_6_col_1": "",
      "link_6_col_2_heading": "",
      "link_6_col_2": "",
      "link_6_col_3_heading": "",
      "link_6_col_3": "",
      "link_6_col_4_heading": "",
      "link_6_col_4": "",
      "show_footer_top": true,
      "cta_1_text": "Footer Call To Action 1",
      "cta_1_icon": "fighter-jet",
      "cta_1_link": "http:\/\/docs.milehighthemes.com\/showtime\/#footer",
      "cta_2_text": "Footer Call To Action 2",
      "cta_2_icon": "compass",
      "cta_2_link": "http:\/\/docs.milehighthemes.com\/showtime\/#footer",
      "cta_3_text": "Footer Call To Action 3",
      "cta_3_icon": "clock-o",
      "cta_3_link": "http:\/\/docs.milehighthemes.com\/showtime\/#footer",
      "cta_4_text": "Footer Call To Action 4",
      "cta_4_icon": "refresh",
      "cta_4_link": "http:\/\/docs.milehighthemes.com\/showtime\/#footer",
      "footer_1_heading": "Footer Column 1",
      "footer_show_linklist_1": true,
      "footer_linklist_1": "footer",
      "footer_1_text": "",
      "footer_2_heading": "Footer Column 2",
      "footer_show_linklist_2": false,
      "footer_linklist_2": "",
      "footer_2_text": "Setup the content for your footer buckets in Theme Settings under the Footer heading.  Please consult the <a href=\"http:\/\/docs.milehighthemes.com\/showtime\/#footer\" target=\"_blank\">theme documentation<\/a> for more information.",
      "footer_3_heading": "Footer Column 3",
      "footer_show_linklist_3": false,
      "footer_linklist_3": "",
      "footer_3_text": "Setup the content for your footer buckets in Theme Settings under the Footer heading.  Please consult the <a href=\"http:\/\/docs.milehighthemes.com\/showtime\/#footer\" target=\"_blank\">theme documentation<\/a> for more information.",
      "footer_4_heading": "Footer Column 4",
      "footer_4_text": "Sign up for our newsletter and be the first to know about coupons and special promotions.",
      "footer_display_newsletter": true,
      "footer_display_social": true,
      "show_payment_methods": true,
      "show_credits": true,
      "use_slider": true,
      "use_slider_mobile": true,
      "slideshow_1_active": true,
      "slideshow_1_alt": "Customizable Homepage Slideshow",
      "slideshow_1_caption_active": true,
      "slideshow_1_caption_overlay": false,
      "slideshow_1_title": "Customizable Homepage Slideshow",
      "slideshow_1_subtitle": "Setup your slideshow in Theme Settings under the \"Home Page\" section.",
      "slideshow_1_subsubtitle": "For help on using this feature, please see the theme documentation.",
      "slideshow_1_button_text": "Theme Documentation",
      "slideshow_1_link": "http:\/\/docs.milehighthemes.com\/showtime\/#page-home",
      "slideshow_2_active": true,
      "slideshow_2_alt": "This is the Second Slide",
      "slideshow_2_caption_active": true,
      "slideshow_2_caption_overlay": false,
      "slideshow_2_title": "This is the Second Slide",
      "slideshow_2_subtitle": "You can have up to five custom slides in your homepage slideshow.",
      "slideshow_2_subsubtitle": "For help on using this feature, please see the theme documentation.",
      "slideshow_2_button_text": "Theme Documentation",
      "slideshow_2_link": "http:\/\/docs.milehighthemes.com\/showtime\/#page-home",
      "slideshow_3_active": false,
      "slideshow_3_alt": "",
      "slideshow_3_caption_active": false,
      "slideshow_3_caption_overlay": false,
      "slideshow_3_title": "",
      "slideshow_3_subtitle": "",
      "slideshow_3_subsubtitle": "",
      "slideshow_3_button_text": "",
      "slideshow_3_link": "",
      "slideshow_4_active": false,
      "slideshow_4_alt": "",
      "slideshow_4_caption_active": false,
      "slideshow_4_caption_overlay": false,
      "slideshow_4_title": "",
      "slideshow_4_subtitle": "",
      "slideshow_4_subsubtitle": "",
      "slideshow_4_button_text": "",
      "slideshow_4_link": "",
      "slideshow_5_active": false,
      "slideshow_5_alt": "",
      "slideshow_5_caption_active": false,
      "slideshow_5_caption_overlay": false,
      "slideshow_5_title": "",
      "slideshow_5_subtitle": "",
      "slideshow_5_subsubtitle": "",
      "slideshow_5_button_text": "",
      "slideshow_5_link": "",
      "use_promo_banners": true,
      "promo_banner_1_heading": "",
      "promo_banner_1_subtext": "",
      "promo_banner_1_link": "http:\/\/docs.milehighthemes.com\/showtime\/#page-home",
      "promo_banner_1_overlay": false,
      "promo_banner_1_position": "bottom",
      "promo_banner_2_heading": "",
      "promo_banner_2_subtext": "",
      "promo_banner_2_link": "http:\/\/docs.milehighthemes.com\/showtime\/#page-home",
      "promo_banner_2_overlay": false,
      "promo_banner_2_position": "bottom",
      "show_promo_row_2": false,
      "promo_banner_3_heading": "",
      "promo_banner_3_subtext": "",
      "promo_banner_3_link": "",
      "promo_banner_3_overlay": false,
      "promo_banner_3_position": "bottom",
      "promo_banner_4_heading": "",
      "promo_banner_4_subtext": "",
      "promo_banner_4_link": "",
      "promo_banner_4_position": "bottom",
      "promo_banner_4_overlay": false,
      "promo_banner_5_heading": "",
      "promo_banner_5_subtext": "",
      "promo_banner_5_link": "",
      "promo_banner_5_overlay": false,
      "promo_banner_5_position": "bottom",
      "use_home_cta": true,
      "home_cta_heading": "Large Call to Action Area",
      "home_cta_subtext": "Here is a chance to really showcase your store's best deals!  You can customize this section with any heading, text, link, and image you want in Theme Settings under the \"Home Page\" heading.  Make your products really stand out with this amazing call-to-action section!  It is all configurable within theme settings and you can turn this and many other theme features on or off with a click in your Shopify dashboard.  For more information on setting up your home page, please see the theme documentation.",
      "home_cta_link": "http:\/\/docs.milehighthemes.com\/showtime\/#page-home",
      "use_page_content": false,
      "page_title": "",
      "use_featured_products": true,
      "featured_collection": "frontpage",
      "pagination_limit": "12",
      "product_grid_layout": "3-col",
      "show_grid_type": true,
      "show_collection_overlay": true,
      "show_sb_collections": true,
      "include_filter_no_1": false,
      "filter_no_1_linklist": "",
      "include_filter_no_2": false,
      "filter_no_2_linklist": "",
      "show_sidebar_collections": true,
      "show_sidebar_vendors": true,
      "show_sidebar_tags": true,
      "show_collection_sidebar_sale": false,
      "sidebar_collection_sale_collection": "barbecue",
      "sidebar_collection_product_count": "4",
      "product_reviews": false,
      "show_product_swatches": true,
      "show_product_tabs": false,
      "product_tab_1_page": "",
      "show_product_tab_2": false,
      "product_tab_2_page": "",
      "show_product_tab_3": false,
      "product_tab_3_page": "",
      "show_product_tab_4": false,
      "product_tab_4_page": "",
      "twittercard_handle": "@Shopify",
      "related_products": true,
      "show_blog_images": false,
      "show_sb_blog": true,
      "show_sidebar_recent_posts": true,
      "show_sidebar_blog_tags": true,
      "show_page_sidebar": true,
      "show_sidebar_page_links": true,
      "page_link_list": "",
      "show_sidebar_page_collections": false,
      "show_sidebar_page_posts": true,
      "show_page_sidebar_sale": false,
      "sidebar_page_sale_collection": "barbecue",
      "sidebar_page_product_count": "4",
      "cart_notes": true,
      "show_cart_sidebar": true,
      "show_sidebar_cart_links": false,
      "cart_link_list": "",
      "show_shipping_calculator": true,
      "show_google_map": true,
      "google_lat": "37.783914",
      "google_long": "-122.403297",
      "search_results": "products-grid",
      "checkout_use_header_image": false,
      "checkout_banner_background_color": "#ffffff",
      "checkout_logo": "logo.png",
      "checkout_headline": "",
      "checkout_accent_color": "#37bbec",
      "checkout_button_color": "#37bbec",
      "checkout_call_to_action_color": "#fbcf00",
      "customer_layout": "theme",
      "hf_link_color": "#898989",
      "top_bar_bg_color": "#ffffff",
      "top_bar_link_color": "#898989",
      "footer_top_color": "#ffffff",
      "footer_top_text_color": "#282727",
      "footer_top_icons": "#37bbec",
      "footer_top_border": "#efefef",
      "footer_bottom_color": "#ffffff",
      "footer_bottom_heading_text": "#282827",
      "footer_bottom_text_color": "#898989",
      "footer_bottom_icons": "#d7dbdb",
      "rss_blog_title": "news",
      "content_heading_text_color": "#282727",
      "content_link_hover_color": "#2a6496",
      "content_button_background_color": "#37bbec",
      "content_button_hover_color": "#2a6496",
      "content_button_text_color": "#ffffff",
      "container_heading_color": "#282827",
      "container_text_color": "#898989",
      "container_link_color": "#37bbec",
      "container_link_hover_color": "#2a6496",
      "button_background_color": "#37bbec",
      "button_background_hover": "#2a6496",
      "secondary_button_background_color": "#fbcf00",
      "secondary_button_background_hover": "#2a6496",
      "sale_background_color": "#fbcf00",
      "sale_text_color": "#ffffff",
      "soldout_background_color": "#666666",
      "soldout_text_color": "#ffffff",
      "top_bar_text_color": "#898989",
      "top_bar_hover_color": "#2a6496",
      "top_bar_icon_color": "#37bbec",
      "logo_color": "#282727",
      "logo_hover_color": "#2a6496",
      "nav_dd_text_color": "#37bbec",
      "nav_dd_hover_color": "#2a6496",
      "slideshow_text": "#282727",
      "slideshow_line": "#fbcf00",
      "footer_top_link_color": "#282727",
      "footer_top_hover_color": "#37bbec",
      "footer_bottom_link_color": "#37bbec",
      "footer_bottom_hover_color": "#2a6496",
      "use_custom_bg_image": "0",
      "footer_color": "#f9f9f9",
      "footer_text_color": "#9a9a9a",
      "footer_link_color": "#666666",
      "footer_social_link_color": "#ab9aa0",
      "typeface_method": "google_fonts",
      "google_font": "Lato",
      "standard_font": "Helvetica, Arial, sans-serif",
      "ad_banner_3_link": "\/collections\/all",
      "ad_banner_4_link": "\/collections\/all",
      "ad_banner_5_link": "\/collections\/all",
      "featured_products_title": "Featured Products",
      "use_blog_entries": "true",
      "home_blog_title": "From the Blog",
      "blog_title": "news",
      "home_number_of_entries": "3",
      "home_entry_format": "3-col",
      "show_collection_slider": "true",
      "collection_featured_image": "true",
      "show_grid_vendor": "true",
      "sidebar_collections_title": "Collections",
      "sidebar_vendors_title": "Brands",
      "sidebar_tags_title": "Tags",
      "sidebar_collection_sale_title": "On Sale",
      "include_filter_no_3": "false",
      "filter_no_3_label": "",
      "filter_no_3_linklist": "",
      "product_tab_1_content": "",
      "product_tab_2_content": "<h1>Mr. Plow<\/h1> <p>Marge, you being a cop makes you the man! Which makes me the woman &mdash; and I have no interest in that, besides occasionally wearing the underwear, which as we discussed, is strictly a comfort thing. He didn't give you gay, did he? Did he?! Attempted murder? Now honestly, what is that? Do they give a Nobel Prize for attempted chemistry?<\/p> <h2>Life on the Fast Lane<\/h2> <p>Oh, I'm in no condition to drive. Wait a minute. I don't have to listen to myself. I'm drunk. A lifetime of working with nuclear power has left me with a healthy green glow&hellip;and left me as impotent as a Nevada boxing commissioner. Slow down, Bart! My legs don't know how to be as long as yours.<\/p> <ul> <li>Inflammable means flammable? What a country.<\/li> <li>Oh, I'm in no condition to drive. Wait a minute. I don't have to listen to myself. I'm drunk.<\/li> <\/ul> <h3>Homer Alone<\/h3> <p>When I held that gun in my hand, I felt a surge of power&hellip;like God must feel when he's holding a gun. D'oh. Oh, a *sarcasm* detector. Oh, that's a *really* useful invention!<\/p> <h4>Cape Feare<\/h4> <p>Kids, we need to talk for a moment about Krusty Brand Chew Goo Gum Like Substance. We all knew it contained spider eggs, but the hantavirus? That came out of left field. So if you're experiencing numbness and\/or comas, send five dollars to antidote, PO box&hellip; Aaah! Natural light! Get it off me! Get it off me! Slow down, Bart! My legs don't know how to be as long as yours. Kids, you tried your best and you failed miserably. The lesson is, never try. Whoa, slow down there, maestro. There's a *New* Mexico?<\/p> <ol> <li>Me fail English? That's unpossible.<\/li> <li>Son, a woman is like a beer. They smell good, they look good, you'd step over your own mother just to get one! But you can't stop at one. You wanna drink another woman!<\/li> <\/ol> <h5>Burns Verkaufen der Kraftwerk<\/h5> <p>Beer. Now there's a temporary solution. Fat Tony is a cancer on this fair city! He is the cancer and I am the&hellip;uh&hellip;what cures cancer? I've done everything the Bible says &mdash; even the stuff that contradicts the other stuff! Old people don't need companionship. They need to be isolated and studied so it can be determined what nutrients they have that might be extracted for our personal use.<\/p>",
      "product_tab_3_content": "<h1>Teenage Mutant Leela's Hurdles<\/h1> <p>Guess again. Tell her you just want to talk. It has nothing to do with mating. I am the man with no name, Zapp Brannigan! It's okay, Bender. I like cooking too.<\/p> <h2>I Dated a Robot<\/h2> <p>Look, last night was a mistake. Do a flip! I daresay that Fry has discovered the smelliest object in the known universe! Fry! Stay back! He's too powerful! Enough about your promiscuous mother, Hermes! We have bigger problems. Michelle, I don't regret this, but I both rue and lament it.<\/p> <ul> <li>I am Singing Wind, Chief of the Martians.<\/li> <li>OK, if everyone's finished being stupid.<\/li> <\/ul> <h3>The Late Philip J. Fry<\/h3> <p>Uh, is the puppy mechanical in any way? Ah, the 'Breakfast Club' soundtrack! I can't wait til I'm old enough to feel ways about stuff! Why, those are the Grunka-Lunkas! They work here in the Slurm factory.<\/p> <h4>The Series Has Landed<\/h4> <p>I saw you with those two \"ladies of the evening\" at Elzars. Explain that. I could if you hadn't turned on the light and shut off my stereo. That's a popular name today. Little \"e\", big \"B\"?<\/p> <ol> <li>Daddy Bender, we're hungry.<\/li> <li>No. We're on the top.<\/li> <li>I guess because my parents keep telling me to be more ladylike. As though!<\/li> <li>And why did 'I' have to take a cab?<\/li> <\/ol> <h5>My Three Suns<\/h5> <p>OK, if everyone's finished being stupid. No argument here. Well, thanks to the Internet, I'm now bored with sex. Is there a place on the web that panders to my lust for violence? But, like most politicians, he promised more than he could deliver. It must be wonderful. And I'd do it again! And perhaps a third time! But that would be it.<\/p>",
      "product_tab_4_content": "<h1>Go Your Own Way<\/h1> <p>I'm doing mental jumping jacks. I'm going to tell you something that I've never told anyone before. I will not kill my sister. I will not kill my sister. I will not kill my sister. Under normal circumstances, I'd take that as a compliment. I think he's got a crush on you, Dex! Hello, Dexter Morgan.<\/p> <h2>Shrink Wrap<\/h2> <p>Hello, Dexter Morgan. You look&hellip;perfect. I'm partial to air conditioning. I'm thinking two circus clowns dancing. You? I'm partial to air conditioning.<\/p> <ul> <li>Like a sloth. I can do that.<\/li> <li>I'm going to tell you something that I've never told anyone before.<\/li> <li>Under normal circumstances, I'd take that as a compliment.<\/li> <\/ul> <h3>Turning Biminese<\/h3> <p>Like a sloth. I can do that. Pretend. You pretend the feelings are there, for the world, for the people around you. Who knows? Maybe one day they will be. I'm really more an apartment person. Pretend. You pretend the feelings are there, for the world, for the people around you. Who knows? Maybe one day they will be. Watching ice melt. This is fun.<\/p> <h4>The Damage a Man Can Do<\/h4> <p>You all right, Dexter? I'm partial to air conditioning. I'm not the monster he wants me to be. So I'm neither man nor beast. I'm something new entirely. With my own set of rules. I'm Dexter. Boo. I feel like a jigsaw puzzle missing a piece. And I'm not even sure what the picture should be. Like a sloth. I can do that.<\/p> <ol> <li>I'm doing mental jumping jacks.<\/li> <li>I love Halloween. The one time of year when everyone wears a mask &hellip; not just me.<\/li> <li>I'm not the monster he wants me to be. So I'm neither man nor beast. I'm something new entirely. With my own set of rules. I'm Dexter. Boo.<\/li> <li>Under normal circumstances, I'd take that as a compliment.<\/li> <\/ol> <h5>In the Beginning<\/h5> <p>This man is a knight in shining armor. I'm Dexter, and I'm not sure what I am. I've lived in darkness a long time. Over the years my eyes adjusted until the dark became my world and I could see.<\/p>",
      "related_products_title": "We Also Recommend",
      "sidebar_recent_posts_title": "Recent Posts",
      "sidebar_blog_tags_title": "Categories",
      "show_blog_sidebar_sale": "true",
      "sidebar_blog_sale_title": "On Sale",
      "sidebar_blog_sale_collection": "frontpage",
      "sidebar_blog_product_count": "4",
      "page_links_title": "Links",
      "sidebar_page_collections_title": "Collections",
      "sidebar_page_posts_title": "Recent Posts",
      "sidebar_page_sale_title": "On Sale",
      "product_description_layout": "product_tabs",
      "show_cart_links": "true",
      "sidebar_sale_title": "On Sale",
      "sidebar_product_count": "4",
      "show_sidebar_sale": "true",
      "newsletter_heading": "Stay in Touch",
      "newsletter_text": "Sign up for our newsletter and be the first to know about coupons and special promotions.",
      "featured_collections_title": "Featured Collections",
      "parallax_image_text": "30% Off Summer Collection",
      "parallax_button_text": "Shop Now",
      "parallax_link": "\/collections\/summer",
      "use_featured_collections": "true",
      "use_parallax_banner": "true",
      "ad_banner_1_link": "\/collections\/all",
      "ad_banner_2_link": "\/collections\/all",
      "ad_banner_3_heading": "",
      "ad_banner_3_subtext": "",
      "ad_banner_1_heading": "Five Fun Family Breakfast Ideas",
      "ad_banner_1_subtext": "Breakfast can be rushed an impersonal.  Try these ideas to make morning family time more fun and rewarding.",
      "ad_banner_2_heading": "Baking Cakes at Home",
      "ad_banner_2_subtext": "Follow our easy guide to baking great cakes with our products.",
      "use_ad_banners": "true",
      "ad_banner_1_small_text": "Extreme",
      "ad_banner_1_large_text": "Beauty",
      "ad_banner_2_small_text": "Save Big On",
      "ad_banner_2_large_text": "Summer",
      "ad_banner_3_small_text": "Maternity",
      "ad_banner_3_large_text": "Shopping",
      "slideshow_1_pattern": "false",
      "slideshow_2_pattern": "false",
      "slideshow_3_pattern": "false",
      "slideshow_4_pattern": "false",
      "slideshow_5_pattern": "false",
      "slideshow_6_pattern": "false",
      "slideshow_7_pattern": "false",
      "site_layout": "wide",
      "heading_font_weight": "400",
      "heading_font_style": "none",
      "logo_max_width": "450px",
      "show_cart_hover": "false",
      "show_top_bar": "false",
      "show_top_bar_links": "false",
      "show_top_bar_social": "false",
      "footer_newsletter_title": "Stay in Touch",
      "footer_contact_title": "Contact Us",
      "footer_contact_text": "",
      "footer_display_contact": "true",
      "muted_color": "#cfbca3",
      "alternate_color": "#b6965c",
      "contrasting_color": "#742a24",
      "search_layout": "grid",
      "ajax_cart_method": "modal",
      "ajax_cart": "true",
      "product_tabs": "true",
      "product_quantity": "true",
      "blog_grid_layout": "3-col",
      "number_of_entries": "3",
      "entry_format": "3-col",
      "home_featured_title": "Featured Products",
      "footer_social_title": "Follow Us",
      "fancy_link": "http:\/\/fancy.com\/search?q=shopify",
      "accent_color": "#ffea00",
      "sidebar_sale_collection": "frontpage",
      "heading_google_font": "Lato",
      "heading_standard_font": "Helvetica, Arial, sans-serif",
      "base_font": "Google+Lato",
      "header_font": "Google+Lato",
      "use_instagram_widget": false,
      "instagram_rows": "2",
      "collection_sidebar_filters": "simple-tags",
      "show_product_zoom": true,
      "ajax_add_to_cart": true,
      "collection_overlay": "cart-info",
      "blog_layout": "full",
      "blog_count": "6"
    },
    "FashionTime": {
      "show_animation": true,
      "mailing_list_form_action": "",
      "show_multiple_currencies": true,
      "currency_format": "money_format",
      "supported_currencies": "USD CAD GBP EUR AUD",
      "default_currency": "USD",
      "show_currency_disclaimer": true,
      "show_entry_popup": false,
      "popup_delay": "5000",
      "popup_return": "7",
      "entry_popup_heading": "",
      "entry_popup_text": "",
      "entry_popup_newsletter": false,
      "entry_popup_social": false,
      "primary_color": "#ff5e9f",
      "secondary_color": "#99cc66",
      "heading_text_color": "#282827",
      "body_text_color": "#898989",
      "link_hover_color": "#bd044f",
      "button_text_color": "#ffffff",
      "body_background_color": "#f8f0e5",
      "show_bg_image": false,
      "bg_repeat": "no-repeat",
      "bg_fixed": false,
      "bg_stretched": false,
      "content_heading_color": "#282827",
      "content_text_color": "#898989",
      "content_link_color": "#ff5e9f",
      "hf_bg_color": "#ffffff",
      "hf_logo_color": "#282727",
      "hf_heading_color": "#282727",
      "hf_text_color": "#898989",
      "hf_top_link_color": "#898989",
      "hf_footer_link_color": "#ff5e9f",
      "hf_border_color": "#ecefef",
      "hf_social_color": "#d7dbdb",
      "nav_text_color": "#282727",
      "nav_hover_color": "#ff5e9f",
      "mm_heading_color": "#282727",
      "heading_typeface_method": "google_heading_fonts",
      "google_heading_font": "Merriweather",
      "standard_heading_font": "Helvetica, Arial, sans-serif",
      "body_typeface_method": "google_body_fonts",
      "google_body_font": "Raleway",
      "standard_body_font": "Helvetica, Arial, sans-serif",
      "nav_text_weight": "600",
      "nav_text_transform": "none",
      "header_style": "header1",
      "header_top_linklist": "",
      "show_header_phone": true,
      "header_phone": "800.555.5555",
      "show_header_email": true,
      "header_email": "example@showtime.com",
      "use_logo": false,
      "logo_height": "",
      "mobile_padding": "",
      "navigation_type": "simple",
      "link_1_text": "",
      "link_1_link": "",
      "link_1_type": "standard",
      "link_1_col_1_heading": "",
      "link_1_col_1": "",
      "link_1_col_2_heading": "",
      "link_1_col_2": "",
      "link_1_col_3_heading": "",
      "link_1_col_3": "",
      "link_1_col_4_heading": "",
      "link_1_col_4": "",
      "link_2_text": "",
      "link_2_link": "",
      "link_2_type": "standard",
      "link_2_col_1_heading": "",
      "link_2_col_1": "",
      "link_2_col_2_heading": "",
      "link_2_col_2": "",
      "link_2_col_3_heading": "",
      "link_2_col_3": "",
      "link_2_col_4_heading": "",
      "link_2_col_4": "",
      "link_3_text": "",
      "link_3_link": "",
      "link_3_type": "standard",
      "link_3_col_1_heading": "",
      "link_3_col_1": "",
      "link_3_col_2_heading": "",
      "link_3_col_2": "",
      "link_3_col_3_heading": "",
      "link_3_col_3": "",
      "link_3_col_4_heading": "",
      "link_3_col_4": "",
      "link_4_text": "",
      "link_4_link": "",
      "link_4_type": "standard",
      "link_4_col_1_heading": "",
      "link_4_col_1": "",
      "link_4_col_2_heading": "",
      "link_4_col_2": "",
      "link_4_col_3_heading": "",
      "link_4_col_3": "",
      "link_4_col_4_heading": "",
      "link_4_col_4": "",
      "link_5_text": "",
      "link_5_link": "",
      "link_5_type": "standard",
      "link_5_col_1_heading": "",
      "link_5_col_1": "",
      "link_5_col_2_heading": "",
      "link_5_col_2": "",
      "link_5_col_3_heading": "",
      "link_5_col_3": "",
      "link_5_col_4_heading": "",
      "link_5_col_4": "",
      "link_6_text": "",
      "link_6_link": "",
      "link_6_type": "standard",
      "link_6_col_1_heading": "",
      "link_6_col_1": "",
      "link_6_col_2_heading": "",
      "link_6_col_2": "",
      "link_6_col_3_heading": "",
      "link_6_col_3": "",
      "link_6_col_4_heading": "",
      "link_6_col_4": "",
      "show_footer_top": true,
      "cta_1_text": "Footer Call To Action 1",
      "cta_1_icon": "fighter-jet",
      "cta_1_link": "http:\/\/docs.milehighthemes.com\/showtime\/#footer",
      "cta_2_text": "Footer Call To Action 2",
      "cta_2_icon": "compass",
      "cta_2_link": "http:\/\/docs.milehighthemes.com\/showtime\/#footer",
      "cta_3_text": "Footer Call To Action 3",
      "cta_3_icon": "clock-o",
      "cta_3_link": "http:\/\/docs.milehighthemes.com\/showtime\/#footer",
      "cta_4_text": "Footer Call To Action 4",
      "cta_4_icon": "refresh",
      "cta_4_link": "http:\/\/docs.milehighthemes.com\/showtime\/#footer",
      "footer_1_heading": "Footer Column 1",
      "footer_show_linklist_1": true,
      "footer_linklist_1": "footer",
      "footer_1_text": "",
      "footer_2_heading": "Footer Column 2",
      "footer_show_linklist_2": false,
      "footer_linklist_2": "",
      "footer_2_text": "Setup the content for your footer buckets in Theme Settings under the Footer heading.  Please consult the <a href=\"http:\/\/docs.milehighthemes.com\/showtime\/#footer\" target=\"_blank\">theme documentation<\/a> for more information.",
      "footer_3_heading": "Footer Column 3",
      "footer_show_linklist_3": false,
      "footer_linklist_3": "",
      "footer_3_text": "Setup the content for your footer buckets in Theme Settings under the Footer heading.  Please consult the <a href=\"http:\/\/docs.milehighthemes.com\/showtime\/#footer\" target=\"_blank\">theme documentation<\/a> for more information.",
      "footer_4_heading": "Footer Column 4",
      "footer_4_text": "Sign up for our newsletter and be the first to know about coupons and special promotions.",
      "footer_display_newsletter": true,
      "footer_display_social": true,
      "show_payment_methods": true,
      "show_credits": true,
      "use_slider": true,
      "use_slider_mobile": true,
      "slideshow_1_active": true,
      "slideshow_1_alt": "Customizable Homepage Slideshow",
      "slideshow_1_caption_active": true,
      "slideshow_1_caption_overlay": false,
      "slideshow_1_title": "Customizable Homepage Slideshow",
      "slideshow_1_subtitle": "Setup your slideshow in Theme Settings under the \"Home Page\" section.",
      "slideshow_1_subsubtitle": "For help on using this feature, please see the theme documentation.",
      "slideshow_1_button_text": "Theme Documentation",
      "slideshow_1_link": "http:\/\/docs.milehighthemes.com\/showtime\/#page-home",
      "slideshow_2_active": true,
      "slideshow_2_alt": "This is the Second Slide",
      "slideshow_2_caption_active": true,
      "slideshow_2_caption_overlay": false,
      "slideshow_2_title": "This is the Second Slide",
      "slideshow_2_subtitle": "You can have up to five custom slides in your homepage slideshow.",
      "slideshow_2_subsubtitle": "For help on using this feature, please see the theme documentation.",
      "slideshow_2_button_text": "Theme Documentation",
      "slideshow_2_link": "http:\/\/docs.milehighthemes.com\/showtime\/#page-home",
      "slideshow_3_active": false,
      "slideshow_3_alt": "",
      "slideshow_3_caption_active": false,
      "slideshow_3_caption_overlay": false,
      "slideshow_3_title": "",
      "slideshow_3_subtitle": "",
      "slideshow_3_subsubtitle": "",
      "slideshow_3_button_text": "",
      "slideshow_3_link": "",
      "slideshow_4_active": false,
      "slideshow_4_alt": "",
      "slideshow_4_caption_active": false,
      "slideshow_4_caption_overlay": false,
      "slideshow_4_title": "",
      "slideshow_4_subtitle": "",
      "slideshow_4_subsubtitle": "",
      "slideshow_4_button_text": "",
      "slideshow_4_link": "",
      "slideshow_5_active": false,
      "slideshow_5_alt": "",
      "slideshow_5_caption_active": false,
      "slideshow_5_caption_overlay": false,
      "slideshow_5_title": "",
      "slideshow_5_subtitle": "",
      "slideshow_5_subsubtitle": "",
      "slideshow_5_button_text": "",
      "slideshow_5_link": "",
      "use_promo_banners": true,
      "promo_banner_1_heading": "",
      "promo_banner_1_subtext": "",
      "promo_banner_1_link": "http:\/\/docs.milehighthemes.com\/showtime\/#page-home",
      "promo_banner_1_overlay": false,
      "promo_banner_1_position": "bottom",
      "promo_banner_2_heading": "",
      "promo_banner_2_subtext": "",
      "promo_banner_2_link": "http:\/\/docs.milehighthemes.com\/showtime\/#page-home",
      "promo_banner_2_overlay": false,
      "promo_banner_2_position": "bottom",
      "show_promo_row_2": false,
      "promo_banner_3_heading": "",
      "promo_banner_3_subtext": "",
      "promo_banner_3_link": "",
      "promo_banner_3_overlay": false,
      "promo_banner_3_position": "bottom",
      "promo_banner_4_heading": "",
      "promo_banner_4_subtext": "",
      "promo_banner_4_link": "",
      "promo_banner_4_position": "bottom",
      "promo_banner_4_overlay": false,
      "promo_banner_5_heading": "",
      "promo_banner_5_subtext": "",
      "promo_banner_5_link": "",
      "promo_banner_5_overlay": false,
      "promo_banner_5_position": "bottom",
      "use_home_cta": true,
      "home_cta_heading": "Large Call to Action Area",
      "home_cta_subtext": "Here is a chance to really showcase your store's best deals!  You can customize this section with any heading, text, link, and image you want in Theme Settings under the \"Home Page\" heading.  Make your products really stand out with this amazing call-to-action section!  It is all configurable within theme settings and you can turn this and many other theme features on or off with a click in your Shopify dashboard.  For more information on setting up your home page, please see the theme documentation.",
      "home_cta_link": "http:\/\/docs.milehighthemes.com\/showtime\/#page-home",
      "use_page_content": false,
      "page_title": "",
      "use_featured_products": true,
      "featured_collection": "frontpage",
      "pagination_limit": "12",
      "product_grid_layout": "3-col",
      "show_grid_type": true,
      "show_collection_overlay": true,
      "show_sb_collections": true,
      "include_filter_no_1": false,
      "filter_no_1_linklist": "",
      "include_filter_no_2": false,
      "filter_no_2_linklist": "",
      "show_sidebar_collections": true,
      "show_sidebar_vendors": true,
      "show_sidebar_tags": true,
      "show_collection_sidebar_sale": false,
      "sidebar_collection_sale_collection": "barbecue",
      "sidebar_collection_product_count": "4",
      "product_reviews": false,
      "show_product_swatches": true,
      "show_product_tabs": false,
      "product_tab_1_page": "",
      "show_product_tab_2": false,
      "product_tab_2_page": "",
      "show_product_tab_3": false,
      "product_tab_3_page": "",
      "show_product_tab_4": false,
      "product_tab_4_page": "",
      "twittercard_handle": "@Shopify",
      "related_products": true,
      "show_blog_images": false,
      "show_sb_blog": true,
      "show_sidebar_recent_posts": true,
      "show_sidebar_blog_tags": true,
      "show_page_sidebar": true,
      "show_sidebar_page_links": true,
      "page_link_list": "",
      "show_sidebar_page_collections": false,
      "show_sidebar_page_posts": true,
      "show_page_sidebar_sale": false,
      "sidebar_page_sale_collection": "barbecue",
      "sidebar_page_product_count": "4",
      "cart_notes": true,
      "show_cart_sidebar": true,
      "show_sidebar_cart_links": false,
      "cart_link_list": "",
      "show_shipping_calculator": true,
      "show_google_map": true,
      "google_lat": "37.783914",
      "google_long": "-122.403297",
      "search_results": "products-grid",
      "checkout_use_header_image": false,
      "checkout_banner_background_color": "#ffffff",
      "checkout_logo": "logo.png",
      "checkout_headline": "",
      "checkout_accent_color": "#ff5e9f",
      "checkout_button_color": "#ff5e9f",
      "checkout_call_to_action_color": "#99cc66",
      "customer_layout": "theme",
      "hf_link_color": "#898989",
      "top_bar_bg_color": "#ffffff",
      "top_bar_link_color": "#898989",
      "footer_top_color": "#ffffff",
      "footer_top_text_color": "#898989",
      "footer_top_icons": "#ff5e9f",
      "footer_top_border": "#efefef",
      "footer_bottom_color": "#ffffff",
      "footer_bottom_heading_text": "#282827",
      "footer_bottom_text_color": "#898989",
      "footer_bottom_icons": "#d7dbdb",
      "rss_blog_title": "news",
      "content_heading_text_color": "#282727",
      "content_link_hover_color": "#bd044f",
      "content_button_background_color": "#ff5e9f",
      "content_button_hover_color": "#bd044f",
      "content_button_text_color": "#ffffff",
      "container_heading_color": "#282827",
      "container_text_color": "#898989",
      "container_link_color": "#ff5e9f",
      "container_link_hover_color": "#bd044f",
      "button_background_color": "#ff5e9f",
      "button_background_hover": "#bd044f",
      "secondary_button_background_color": "#99cc66",
      "secondary_button_background_hover": "#bd044f",
      "sale_background_color": "#99cc66",
      "sale_text_color": "#ffffff",
      "soldout_background_color": "#666666",
      "soldout_text_color": "#ffffff",
      "top_bar_text_color": "#898989",
      "top_bar_hover_color": "#bd044f",
      "top_bar_icon_color": "#ff5e9f",
      "logo_color": "#282727",
      "logo_hover_color": "#bd044f",
      "nav_dd_text_color": "#ff5e9f",
      "nav_dd_hover_color": "#bd044f",
      "slideshow_text": "#282727",
      "slideshow_line": "#99cc66",
      "footer_top_link_color": "#282727",
      "footer_top_hover_color": "#ff5e9f",
      "footer_bottom_link_color": "#ff5e9f",
      "footer_bottom_hover_color": "#bd044f",
      "use_custom_bg_image": "0",
      "footer_color": "#f9f9f9",
      "footer_text_color": "#9a9a9a",
      "footer_link_color": "#666666",
      "footer_social_link_color": "#ab9aa0",
      "typeface_method": "google_fonts",
      "google_font": "Lato",
      "standard_font": "Helvetica, Arial, sans-serif",
      "ad_banner_3_link": "\/collections\/all",
      "ad_banner_4_link": "\/collections\/all",
      "ad_banner_5_link": "\/collections\/all",
      "featured_products_title": "Featured Products",
      "use_blog_entries": "true",
      "home_blog_title": "From the Blog",
      "blog_title": "news",
      "home_number_of_entries": "3",
      "home_entry_format": "3-col",
      "show_collection_slider": "true",
      "collection_featured_image": "true",
      "show_grid_vendor": "true",
      "sidebar_collections_title": "Collections",
      "sidebar_vendors_title": "Brands",
      "sidebar_tags_title": "Tags",
      "sidebar_collection_sale_title": "On Sale",
      "include_filter_no_3": "false",
      "filter_no_3_label": "",
      "filter_no_3_linklist": "",
      "product_tab_1_content": "",
      "product_tab_2_content": "<h1>Mr. Plow<\/h1> <p>Marge, you being a cop makes you the man! Which makes me the woman &mdash; and I have no interest in that, besides occasionally wearing the underwear, which as we discussed, is strictly a comfort thing. He didn't give you gay, did he? Did he?! Attempted murder? Now honestly, what is that? Do they give a Nobel Prize for attempted chemistry?<\/p> <h2>Life on the Fast Lane<\/h2> <p>Oh, I'm in no condition to drive. Wait a minute. I don't have to listen to myself. I'm drunk. A lifetime of working with nuclear power has left me with a healthy green glow&hellip;and left me as impotent as a Nevada boxing commissioner. Slow down, Bart! My legs don't know how to be as long as yours.<\/p> <ul> <li>Inflammable means flammable? What a country.<\/li> <li>Oh, I'm in no condition to drive. Wait a minute. I don't have to listen to myself. I'm drunk.<\/li> <\/ul> <h3>Homer Alone<\/h3> <p>When I held that gun in my hand, I felt a surge of power&hellip;like God must feel when he's holding a gun. D'oh. Oh, a *sarcasm* detector. Oh, that's a *really* useful invention!<\/p> <h4>Cape Feare<\/h4> <p>Kids, we need to talk for a moment about Krusty Brand Chew Goo Gum Like Substance. We all knew it contained spider eggs, but the hantavirus? That came out of left field. So if you're experiencing numbness and\/or comas, send five dollars to antidote, PO box&hellip; Aaah! Natural light! Get it off me! Get it off me! Slow down, Bart! My legs don't know how to be as long as yours. Kids, you tried your best and you failed miserably. The lesson is, never try. Whoa, slow down there, maestro. There's a *New* Mexico?<\/p> <ol> <li>Me fail English? That's unpossible.<\/li> <li>Son, a woman is like a beer. They smell good, they look good, you'd step over your own mother just to get one! But you can't stop at one. You wanna drink another woman!<\/li> <\/ol> <h5>Burns Verkaufen der Kraftwerk<\/h5> <p>Beer. Now there's a temporary solution. Fat Tony is a cancer on this fair city! He is the cancer and I am the&hellip;uh&hellip;what cures cancer? I've done everything the Bible says &mdash; even the stuff that contradicts the other stuff! Old people don't need companionship. They need to be isolated and studied so it can be determined what nutrients they have that might be extracted for our personal use.<\/p>",
      "product_tab_3_content": "<h1>Teenage Mutant Leela's Hurdles<\/h1> <p>Guess again. Tell her you just want to talk. It has nothing to do with mating. I am the man with no name, Zapp Brannigan! It's okay, Bender. I like cooking too.<\/p> <h2>I Dated a Robot<\/h2> <p>Look, last night was a mistake. Do a flip! I daresay that Fry has discovered the smelliest object in the known universe! Fry! Stay back! He's too powerful! Enough about your promiscuous mother, Hermes! We have bigger problems. Michelle, I don't regret this, but I both rue and lament it.<\/p> <ul> <li>I am Singing Wind, Chief of the Martians.<\/li> <li>OK, if everyone's finished being stupid.<\/li> <\/ul> <h3>The Late Philip J. Fry<\/h3> <p>Uh, is the puppy mechanical in any way? Ah, the 'Breakfast Club' soundtrack! I can't wait til I'm old enough to feel ways about stuff! Why, those are the Grunka-Lunkas! They work here in the Slurm factory.<\/p> <h4>The Series Has Landed<\/h4> <p>I saw you with those two \"ladies of the evening\" at Elzars. Explain that. I could if you hadn't turned on the light and shut off my stereo. That's a popular name today. Little \"e\", big \"B\"?<\/p> <ol> <li>Daddy Bender, we're hungry.<\/li> <li>No. We're on the top.<\/li> <li>I guess because my parents keep telling me to be more ladylike. As though!<\/li> <li>And why did 'I' have to take a cab?<\/li> <\/ol> <h5>My Three Suns<\/h5> <p>OK, if everyone's finished being stupid. No argument here. Well, thanks to the Internet, I'm now bored with sex. Is there a place on the web that panders to my lust for violence? But, like most politicians, he promised more than he could deliver. It must be wonderful. And I'd do it again! And perhaps a third time! But that would be it.<\/p>",
      "product_tab_4_content": "<h1>Go Your Own Way<\/h1> <p>I'm doing mental jumping jacks. I'm going to tell you something that I've never told anyone before. I will not kill my sister. I will not kill my sister. I will not kill my sister. Under normal circumstances, I'd take that as a compliment. I think he's got a crush on you, Dex! Hello, Dexter Morgan.<\/p> <h2>Shrink Wrap<\/h2> <p>Hello, Dexter Morgan. You look&hellip;perfect. I'm partial to air conditioning. I'm thinking two circus clowns dancing. You? I'm partial to air conditioning.<\/p> <ul> <li>Like a sloth. I can do that.<\/li> <li>I'm going to tell you something that I've never told anyone before.<\/li> <li>Under normal circumstances, I'd take that as a compliment.<\/li> <\/ul> <h3>Turning Biminese<\/h3> <p>Like a sloth. I can do that. Pretend. You pretend the feelings are there, for the world, for the people around you. Who knows? Maybe one day they will be. I'm really more an apartment person. Pretend. You pretend the feelings are there, for the world, for the people around you. Who knows? Maybe one day they will be. Watching ice melt. This is fun.<\/p> <h4>The Damage a Man Can Do<\/h4> <p>You all right, Dexter? I'm partial to air conditioning. I'm not the monster he wants me to be. So I'm neither man nor beast. I'm something new entirely. With my own set of rules. I'm Dexter. Boo. I feel like a jigsaw puzzle missing a piece. And I'm not even sure what the picture should be. Like a sloth. I can do that.<\/p> <ol> <li>I'm doing mental jumping jacks.<\/li> <li>I love Halloween. The one time of year when everyone wears a mask &hellip; not just me.<\/li> <li>I'm not the monster he wants me to be. So I'm neither man nor beast. I'm something new entirely. With my own set of rules. I'm Dexter. Boo.<\/li> <li>Under normal circumstances, I'd take that as a compliment.<\/li> <\/ol> <h5>In the Beginning<\/h5> <p>This man is a knight in shining armor. I'm Dexter, and I'm not sure what I am. I've lived in darkness a long time. Over the years my eyes adjusted until the dark became my world and I could see.<\/p>",
      "related_products_title": "We Also Recommend",
      "sidebar_recent_posts_title": "Recent Posts",
      "sidebar_blog_tags_title": "Categories",
      "show_blog_sidebar_sale": "true",
      "sidebar_blog_sale_title": "On Sale",
      "sidebar_blog_sale_collection": "frontpage",
      "sidebar_blog_product_count": "4",
      "page_links_title": "Links",
      "sidebar_page_collections_title": "Collections",
      "sidebar_page_posts_title": "Recent Posts",
      "sidebar_page_sale_title": "On Sale",
      "product_description_layout": "product_tabs",
      "show_cart_links": "true",
      "sidebar_sale_title": "On Sale",
      "sidebar_product_count": "4",
      "show_sidebar_sale": "true",
      "newsletter_heading": "Stay in Touch",
      "newsletter_text": "Sign up for our newsletter and be the first to know about coupons and special promotions.",
      "featured_collections_title": "Featured Collections",
      "parallax_image_text": "30% Off Summer Collection",
      "parallax_button_text": "Shop Now",
      "parallax_link": "\/collections\/summer",
      "use_featured_collections": "true",
      "use_parallax_banner": "true",
      "ad_banner_1_link": "\/collections\/all",
      "ad_banner_2_link": "\/collections\/all",
      "ad_banner_3_heading": "",
      "ad_banner_3_subtext": "",
      "ad_banner_1_heading": "Five Fun Family Breakfast Ideas",
      "ad_banner_1_subtext": "Breakfast can be rushed an impersonal.  Try these ideas to make morning family time more fun and rewarding.",
      "ad_banner_2_heading": "Baking Cakes at Home",
      "ad_banner_2_subtext": "Follow our easy guide to baking great cakes with our products.",
      "use_ad_banners": "true",
      "ad_banner_1_small_text": "Extreme",
      "ad_banner_1_large_text": "Beauty",
      "ad_banner_2_small_text": "Save Big On",
      "ad_banner_2_large_text": "Summer",
      "ad_banner_3_small_text": "Maternity",
      "ad_banner_3_large_text": "Shopping",
      "slideshow_1_pattern": "false",
      "slideshow_2_pattern": "false",
      "slideshow_3_pattern": "false",
      "slideshow_4_pattern": "false",
      "slideshow_5_pattern": "false",
      "slideshow_6_pattern": "false",
      "slideshow_7_pattern": "false",
      "site_layout": "wide",
      "heading_font_weight": "400",
      "heading_font_style": "none",
      "logo_max_width": "450px",
      "show_cart_hover": "false",
      "show_top_bar": "false",
      "show_top_bar_links": "false",
      "show_top_bar_social": "false",
      "footer_newsletter_title": "Stay in Touch",
      "footer_contact_title": "Contact Us",
      "footer_contact_text": "",
      "footer_display_contact": "true",
      "muted_color": "#cfbca3",
      "alternate_color": "#b6965c",
      "contrasting_color": "#742a24",
      "search_layout": "grid",
      "ajax_cart_method": "modal",
      "ajax_cart": "true",
      "product_tabs": "true",
      "product_quantity": "true",
      "blog_grid_layout": "3-col",
      "number_of_entries": "3",
      "entry_format": "3-col",
      "home_featured_title": "Featured Products",
      "footer_social_title": "Follow Us",
      "fancy_link": "http:\/\/fancy.com\/search?q=shopify",
      "accent_color": "#ffea00",
      "sidebar_sale_collection": "frontpage",
      "heading_google_font": "Lato",
      "heading_standard_font": "Helvetica, Arial, sans-serif",
      "base_font": "Google+Raleway",
      "header_font": "Google+Merriweather",
      "use_instagram_widget": false,
      "instagram_rows": "2",
      "collection_sidebar_filters": "simple-tags",
      "show_product_zoom": true,
      "ajax_add_to_cart": true,
      "collection_overlay": "cart-info",
      "blog_layout": "full",
      "blog_count": "6"
    },
    "PlayTime": {
      "show_animation": true,
      "mailing_list_form_action": "",
      "show_multiple_currencies": true,
      "currency_format": "money_format",
      "supported_currencies": "USD CAD GBP EUR AUD",
      "default_currency": "USD",
      "show_currency_disclaimer": true,
      "show_entry_popup": false,
      "popup_delay": "5000",
      "popup_return": "7",
      "entry_popup_heading": "",
      "entry_popup_text": "",
      "entry_popup_newsletter": false,
      "entry_popup_social": false,
      "primary_color": "#e82c0c",
      "secondary_color": "#006699",
      "heading_text_color": "#282827",
      "body_text_color": "#898989",
      "link_hover_color": "#023853",
      "button_text_color": "#ffffff",
      "body_background_color": "#f4fafc",
      "show_bg_image": false,
      "bg_repeat": "no-repeat",
      "bg_fixed": false,
      "bg_stretched": false,
      "content_heading_color": "#282827",
      "content_text_color": "#898989",
      "content_link_color": "#e82c0c",
      "hf_bg_color": "#ffffff",
      "hf_logo_color": "#282727",
      "hf_heading_color": "#282727",
      "hf_text_color": "#898989",
      "hf_top_link_color": "#898989",
      "hf_footer_link_color": "#e82c0c",
      "hf_border_color": "#ecefef",
      "hf_social_color": "#d7dbdb",
      "nav_text_color": "#282727",
      "nav_hover_color": "#e82c0c",
      "mm_heading_color": "#282727",
      "heading_typeface_method": "google_heading_fonts",
      "google_heading_font": "Merriweather",
      "standard_heading_font": "Helvetica, Arial, sans-serif",
      "body_typeface_method": "google_body_fonts",
      "google_body_font": "Raleway",
      "standard_body_font": "Helvetica, Arial, sans-serif",
      "nav_text_weight": "600",
      "nav_text_transform": "uppercase",
      "header_style": "header1",
      "header_top_linklist": "",
      "show_header_phone": true,
      "header_phone": "800.555.5555",
      "show_header_email": true,
      "header_email": "example@showtime.com",
      "use_logo": false,
      "logo_height": "",
      "mobile_padding": "",
      "navigation_type": "simple",
      "link_1_text": "",
      "link_1_link": "",
      "link_1_type": "standard",
      "link_1_col_1_heading": "",
      "link_1_col_1": "",
      "link_1_col_2_heading": "",
      "link_1_col_2": "",
      "link_1_col_3_heading": "",
      "link_1_col_3": "",
      "link_1_col_4_heading": "",
      "link_1_col_4": "",
      "link_2_text": "",
      "link_2_link": "",
      "link_2_type": "standard",
      "link_2_col_1_heading": "",
      "link_2_col_1": "",
      "link_2_col_2_heading": "",
      "link_2_col_2": "",
      "link_2_col_3_heading": "",
      "link_2_col_3": "",
      "link_2_col_4_heading": "",
      "link_2_col_4": "",
      "link_3_text": "",
      "link_3_link": "",
      "link_3_type": "standard",
      "link_3_col_1_heading": "",
      "link_3_col_1": "",
      "link_3_col_2_heading": "",
      "link_3_col_2": "",
      "link_3_col_3_heading": "",
      "link_3_col_3": "",
      "link_3_col_4_heading": "",
      "link_3_col_4": "",
      "link_4_text": "",
      "link_4_link": "",
      "link_4_type": "standard",
      "link_4_col_1_heading": "",
      "link_4_col_1": "",
      "link_4_col_2_heading": "",
      "link_4_col_2": "",
      "link_4_col_3_heading": "",
      "link_4_col_3": "",
      "link_4_col_4_heading": "",
      "link_4_col_4": "",
      "link_5_text": "",
      "link_5_link": "",
      "link_5_type": "standard",
      "link_5_col_1_heading": "",
      "link_5_col_1": "",
      "link_5_col_2_heading": "",
      "link_5_col_2": "",
      "link_5_col_3_heading": "",
      "link_5_col_3": "",
      "link_5_col_4_heading": "",
      "link_5_col_4": "",
      "link_6_text": "",
      "link_6_link": "",
      "link_6_type": "standard",
      "link_6_col_1_heading": "",
      "link_6_col_1": "",
      "link_6_col_2_heading": "",
      "link_6_col_2": "",
      "link_6_col_3_heading": "",
      "link_6_col_3": "",
      "link_6_col_4_heading": "",
      "link_6_col_4": "",
      "show_footer_top": true,
      "cta_1_text": "Footer Call To Action 1",
      "cta_1_icon": "fighter-jet",
      "cta_1_link": "http:\/\/docs.milehighthemes.com\/showtime\/#footer",
      "cta_2_text": "Footer Call To Action 2",
      "cta_2_icon": "compass",
      "cta_2_link": "http:\/\/docs.milehighthemes.com\/showtime\/#footer",
      "cta_3_text": "Footer Call To Action 3",
      "cta_3_icon": "clock-o",
      "cta_3_link": "http:\/\/docs.milehighthemes.com\/showtime\/#footer",
      "cta_4_text": "Footer Call To Action 4",
      "cta_4_icon": "refresh",
      "cta_4_link": "http:\/\/docs.milehighthemes.com\/showtime\/#footer",
      "footer_1_heading": "Footer Column 1",
      "footer_show_linklist_1": true,
      "footer_linklist_1": "footer",
      "footer_1_text": "",
      "footer_2_heading": "Footer Column 2",
      "footer_show_linklist_2": false,
      "footer_linklist_2": "",
      "footer_2_text": "Setup the content for your footer buckets in Theme Settings under the Footer heading.  Please consult the <a href=\"http:\/\/docs.milehighthemes.com\/showtime\/#footer\" target=\"_blank\">theme documentation<\/a> for more information.",
      "footer_3_heading": "Footer Column 3",
      "footer_show_linklist_3": false,
      "footer_linklist_3": "",
      "footer_3_text": "Setup the content for your footer buckets in Theme Settings under the Footer heading.  Please consult the <a href=\"http:\/\/docs.milehighthemes.com\/showtime\/#footer\" target=\"_blank\">theme documentation<\/a> for more information.",
      "footer_4_heading": "Footer Column 4",
      "footer_4_text": "Sign up for our newsletter and be the first to know about coupons and special promotions.",
      "footer_display_newsletter": true,
      "footer_display_social": true,
      "show_payment_methods": true,
      "show_credits": true,
      "use_slider": true,
      "use_slider_mobile": true,
      "slideshow_1_active": true,
      "slideshow_1_alt": "Customizable Homepage Slideshow",
      "slideshow_1_caption_active": true,
      "slideshow_1_caption_overlay": false,
      "slideshow_1_title": "Customizable Homepage Slideshow",
      "slideshow_1_subtitle": "Setup your slideshow in Theme Settings under the \"Home Page\" section.",
      "slideshow_1_subsubtitle": "For help on using this feature, please see the theme documentation.",
      "slideshow_1_button_text": "Theme Documentation",
      "slideshow_1_link": "http:\/\/docs.milehighthemes.com\/showtime\/#page-home",
      "slideshow_2_active": true,
      "slideshow_2_alt": "This is the Second Slide",
      "slideshow_2_caption_active": true,
      "slideshow_2_caption_overlay": false,
      "slideshow_2_title": "This is the Second Slide",
      "slideshow_2_subtitle": "You can have up to five custom slides in your homepage slideshow.",
      "slideshow_2_subsubtitle": "For help on using this feature, please see the theme documentation.",
      "slideshow_2_button_text": "Theme Documentation",
      "slideshow_2_link": "http:\/\/docs.milehighthemes.com\/showtime\/#page-home",
      "slideshow_3_active": false,
      "slideshow_3_alt": "",
      "slideshow_3_caption_active": false,
      "slideshow_3_caption_overlay": false,
      "slideshow_3_title": "",
      "slideshow_3_subtitle": "",
      "slideshow_3_subsubtitle": "",
      "slideshow_3_button_text": "",
      "slideshow_3_link": "",
      "slideshow_4_active": false,
      "slideshow_4_alt": "",
      "slideshow_4_caption_active": false,
      "slideshow_4_caption_overlay": false,
      "slideshow_4_title": "",
      "slideshow_4_subtitle": "",
      "slideshow_4_subsubtitle": "",
      "slideshow_4_button_text": "",
      "slideshow_4_link": "",
      "slideshow_5_active": false,
      "slideshow_5_alt": "",
      "slideshow_5_caption_active": false,
      "slideshow_5_caption_overlay": false,
      "slideshow_5_title": "",
      "slideshow_5_subtitle": "",
      "slideshow_5_subsubtitle": "",
      "slideshow_5_button_text": "",
      "slideshow_5_link": "",
      "use_promo_banners": true,
      "promo_banner_1_heading": "",
      "promo_banner_1_subtext": "",
      "promo_banner_1_link": "http:\/\/docs.milehighthemes.com\/showtime\/#page-home",
      "promo_banner_1_overlay": false,
      "promo_banner_1_position": "bottom",
      "promo_banner_2_heading": "",
      "promo_banner_2_subtext": "",
      "promo_banner_2_link": "http:\/\/docs.milehighthemes.com\/showtime\/#page-home",
      "promo_banner_2_overlay": false,
      "promo_banner_2_position": "bottom",
      "show_promo_row_2": false,
      "promo_banner_3_heading": "",
      "promo_banner_3_subtext": "",
      "promo_banner_3_link": "",
      "promo_banner_3_overlay": false,
      "promo_banner_3_position": "bottom",
      "promo_banner_4_heading": "",
      "promo_banner_4_subtext": "",
      "promo_banner_4_link": "",
      "promo_banner_4_position": "bottom",
      "promo_banner_4_overlay": false,
      "promo_banner_5_heading": "",
      "promo_banner_5_subtext": "",
      "promo_banner_5_link": "",
      "promo_banner_5_overlay": false,
      "promo_banner_5_position": "bottom",
      "use_home_cta": true,
      "home_cta_heading": "Large Call to Action Area",
      "home_cta_subtext": "Here is a chance to really showcase your store's best deals!  You can customize this section with any heading, text, link, and image you want in Theme Settings under the \"Home Page\" heading.  Make your products really stand out with this amazing call-to-action section!  It is all configurable within theme settings and you can turn this and many other theme features on or off with a click in your Shopify dashboard.  For more information on setting up your home page, please see the theme documentation.",
      "home_cta_link": "http:\/\/docs.milehighthemes.com\/showtime\/#page-home",
      "use_page_content": false,
      "page_title": "",
      "use_featured_products": true,
      "featured_collection": "frontpage",
      "pagination_limit": "12",
      "product_grid_layout": "3-col",
      "show_grid_type": true,
      "show_collection_overlay": true,
      "show_sb_collections": true,
      "include_filter_no_1": false,
      "filter_no_1_linklist": "",
      "include_filter_no_2": false,
      "filter_no_2_linklist": "",
      "show_sidebar_collections": true,
      "show_sidebar_vendors": true,
      "show_sidebar_tags": true,
      "show_collection_sidebar_sale": false,
      "sidebar_collection_sale_collection": "barbecue",
      "sidebar_collection_product_count": "4",
      "product_reviews": false,
      "show_product_swatches": true,
      "show_product_tabs": false,
      "product_tab_1_page": "",
      "show_product_tab_2": false,
      "product_tab_2_page": "",
      "show_product_tab_3": false,
      "product_tab_3_page": "",
      "show_product_tab_4": false,
      "product_tab_4_page": "",
      "twittercard_handle": "@Shopify",
      "related_products": true,
      "show_blog_images": false,
      "show_sb_blog": true,
      "show_sidebar_recent_posts": true,
      "show_sidebar_blog_tags": true,
      "show_page_sidebar": true,
      "show_sidebar_page_links": true,
      "page_link_list": "",
      "show_sidebar_page_collections": false,
      "show_sidebar_page_posts": true,
      "show_page_sidebar_sale": false,
      "sidebar_page_sale_collection": "barbecue",
      "sidebar_page_product_count": "4",
      "cart_notes": true,
      "show_cart_sidebar": true,
      "show_sidebar_cart_links": false,
      "cart_link_list": "",
      "show_shipping_calculator": true,
      "show_google_map": true,
      "google_lat": "37.783914",
      "google_long": "-122.403297",
      "search_results": "products-grid",
      "checkout_use_header_image": false,
      "checkout_banner_background_color": "#ffffff",
      "checkout_logo": "logo.png",
      "checkout_headline": "",
      "checkout_accent_color": "#ff5e9f",
      "checkout_button_color": "#ff5e9f",
      "checkout_call_to_action_color": "#99cc66",
      "customer_layout": "theme",
      "hf_link_color": "#898989",
      "top_bar_bg_color": "#ffffff",
      "top_bar_link_color": "#898989",
      "footer_top_color": "#ffffff",
      "footer_top_text_color": "#898989",
      "footer_top_icons": "#ff5e9f",
      "footer_top_border": "#efefef",
      "footer_bottom_color": "#ffffff",
      "footer_bottom_heading_text": "#282827",
      "footer_bottom_text_color": "#898989",
      "footer_bottom_icons": "#d7dbdb",
      "rss_blog_title": "news",
      "content_heading_text_color": "#282727",
      "content_link_hover_color": "#bd044f",
      "content_button_background_color": "#ff5e9f",
      "content_button_hover_color": "#bd044f",
      "content_button_text_color": "#ffffff",
      "container_heading_color": "#282827",
      "container_text_color": "#898989",
      "container_link_color": "#ff5e9f",
      "container_link_hover_color": "#bd044f",
      "button_background_color": "#ff5e9f",
      "button_background_hover": "#bd044f",
      "secondary_button_background_color": "#99cc66",
      "secondary_button_background_hover": "#bd044f",
      "sale_background_color": "#99cc66",
      "sale_text_color": "#ffffff",
      "soldout_background_color": "#666666",
      "soldout_text_color": "#ffffff",
      "top_bar_text_color": "#898989",
      "top_bar_hover_color": "#bd044f",
      "top_bar_icon_color": "#ff5e9f",
      "logo_color": "#282727",
      "logo_hover_color": "#bd044f",
      "nav_dd_text_color": "#ff5e9f",
      "nav_dd_hover_color": "#bd044f",
      "slideshow_text": "#282727",
      "slideshow_line": "#99cc66",
      "footer_top_link_color": "#282727",
      "footer_top_hover_color": "#ff5e9f",
      "footer_bottom_link_color": "#ff5e9f",
      "footer_bottom_hover_color": "#bd044f",
      "use_custom_bg_image": "0",
      "footer_color": "#f9f9f9",
      "footer_text_color": "#9a9a9a",
      "footer_link_color": "#666666",
      "footer_social_link_color": "#ab9aa0",
      "typeface_method": "google_fonts",
      "google_font": "Lato",
      "standard_font": "Helvetica, Arial, sans-serif",
      "ad_banner_3_link": "\/collections\/all",
      "ad_banner_4_link": "\/collections\/all",
      "ad_banner_5_link": "\/collections\/all",
      "featured_products_title": "Featured Products",
      "use_blog_entries": "true",
      "home_blog_title": "From the Blog",
      "blog_title": "news",
      "home_number_of_entries": "3",
      "home_entry_format": "3-col",
      "show_collection_slider": "true",
      "collection_featured_image": "true",
      "show_grid_vendor": "true",
      "sidebar_collections_title": "Collections",
      "sidebar_vendors_title": "Brands",
      "sidebar_tags_title": "Tags",
      "sidebar_collection_sale_title": "On Sale",
      "include_filter_no_3": "false",
      "filter_no_3_label": "",
      "filter_no_3_linklist": "",
      "product_tab_1_content": "",
      "product_tab_2_content": "<h1>Mr. Plow<\/h1> <p>Marge, you being a cop makes you the man! Which makes me the woman &mdash; and I have no interest in that, besides occasionally wearing the underwear, which as we discussed, is strictly a comfort thing. He didn't give you gay, did he? Did he?! Attempted murder? Now honestly, what is that? Do they give a Nobel Prize for attempted chemistry?<\/p> <h2>Life on the Fast Lane<\/h2> <p>Oh, I'm in no condition to drive. Wait a minute. I don't have to listen to myself. I'm drunk. A lifetime of working with nuclear power has left me with a healthy green glow&hellip;and left me as impotent as a Nevada boxing commissioner. Slow down, Bart! My legs don't know how to be as long as yours.<\/p> <ul> <li>Inflammable means flammable? What a country.<\/li> <li>Oh, I'm in no condition to drive. Wait a minute. I don't have to listen to myself. I'm drunk.<\/li> <\/ul> <h3>Homer Alone<\/h3> <p>When I held that gun in my hand, I felt a surge of power&hellip;like God must feel when he's holding a gun. D'oh. Oh, a *sarcasm* detector. Oh, that's a *really* useful invention!<\/p> <h4>Cape Feare<\/h4> <p>Kids, we need to talk for a moment about Krusty Brand Chew Goo Gum Like Substance. We all knew it contained spider eggs, but the hantavirus? That came out of left field. So if you're experiencing numbness and\/or comas, send five dollars to antidote, PO box&hellip; Aaah! Natural light! Get it off me! Get it off me! Slow down, Bart! My legs don't know how to be as long as yours. Kids, you tried your best and you failed miserably. The lesson is, never try. Whoa, slow down there, maestro. There's a *New* Mexico?<\/p> <ol> <li>Me fail English? That's unpossible.<\/li> <li>Son, a woman is like a beer. They smell good, they look good, you'd step over your own mother just to get one! But you can't stop at one. You wanna drink another woman!<\/li> <\/ol> <h5>Burns Verkaufen der Kraftwerk<\/h5> <p>Beer. Now there's a temporary solution. Fat Tony is a cancer on this fair city! He is the cancer and I am the&hellip;uh&hellip;what cures cancer? I've done everything the Bible says &mdash; even the stuff that contradicts the other stuff! Old people don't need companionship. They need to be isolated and studied so it can be determined what nutrients they have that might be extracted for our personal use.<\/p>",
      "product_tab_3_content": "<h1>Teenage Mutant Leela's Hurdles<\/h1> <p>Guess again. Tell her you just want to talk. It has nothing to do with mating. I am the man with no name, Zapp Brannigan! It's okay, Bender. I like cooking too.<\/p> <h2>I Dated a Robot<\/h2> <p>Look, last night was a mistake. Do a flip! I daresay that Fry has discovered the smelliest object in the known universe! Fry! Stay back! He's too powerful! Enough about your promiscuous mother, Hermes! We have bigger problems. Michelle, I don't regret this, but I both rue and lament it.<\/p> <ul> <li>I am Singing Wind, Chief of the Martians.<\/li> <li>OK, if everyone's finished being stupid.<\/li> <\/ul> <h3>The Late Philip J. Fry<\/h3> <p>Uh, is the puppy mechanical in any way? Ah, the 'Breakfast Club' soundtrack! I can't wait til I'm old enough to feel ways about stuff! Why, those are the Grunka-Lunkas! They work here in the Slurm factory.<\/p> <h4>The Series Has Landed<\/h4> <p>I saw you with those two \"ladies of the evening\" at Elzars. Explain that. I could if you hadn't turned on the light and shut off my stereo. That's a popular name today. Little \"e\", big \"B\"?<\/p> <ol> <li>Daddy Bender, we're hungry.<\/li> <li>No. We're on the top.<\/li> <li>I guess because my parents keep telling me to be more ladylike. As though!<\/li> <li>And why did 'I' have to take a cab?<\/li> <\/ol> <h5>My Three Suns<\/h5> <p>OK, if everyone's finished being stupid. No argument here. Well, thanks to the Internet, I'm now bored with sex. Is there a place on the web that panders to my lust for violence? But, like most politicians, he promised more than he could deliver. It must be wonderful. And I'd do it again! And perhaps a third time! But that would be it.<\/p>",
      "product_tab_4_content": "<h1>Go Your Own Way<\/h1> <p>I'm doing mental jumping jacks. I'm going to tell you something that I've never told anyone before. I will not kill my sister. I will not kill my sister. I will not kill my sister. Under normal circumstances, I'd take that as a compliment. I think he's got a crush on you, Dex! Hello, Dexter Morgan.<\/p> <h2>Shrink Wrap<\/h2> <p>Hello, Dexter Morgan. You look&hellip;perfect. I'm partial to air conditioning. I'm thinking two circus clowns dancing. You? I'm partial to air conditioning.<\/p> <ul> <li>Like a sloth. I can do that.<\/li> <li>I'm going to tell you something that I've never told anyone before.<\/li> <li>Under normal circumstances, I'd take that as a compliment.<\/li> <\/ul> <h3>Turning Biminese<\/h3> <p>Like a sloth. I can do that. Pretend. You pretend the feelings are there, for the world, for the people around you. Who knows? Maybe one day they will be. I'm really more an apartment person. Pretend. You pretend the feelings are there, for the world, for the people around you. Who knows? Maybe one day they will be. Watching ice melt. This is fun.<\/p> <h4>The Damage a Man Can Do<\/h4> <p>You all right, Dexter? I'm partial to air conditioning. I'm not the monster he wants me to be. So I'm neither man nor beast. I'm something new entirely. With my own set of rules. I'm Dexter. Boo. I feel like a jigsaw puzzle missing a piece. And I'm not even sure what the picture should be. Like a sloth. I can do that.<\/p> <ol> <li>I'm doing mental jumping jacks.<\/li> <li>I love Halloween. The one time of year when everyone wears a mask &hellip; not just me.<\/li> <li>I'm not the monster he wants me to be. So I'm neither man nor beast. I'm something new entirely. With my own set of rules. I'm Dexter. Boo.<\/li> <li>Under normal circumstances, I'd take that as a compliment.<\/li> <\/ol> <h5>In the Beginning<\/h5> <p>This man is a knight in shining armor. I'm Dexter, and I'm not sure what I am. I've lived in darkness a long time. Over the years my eyes adjusted until the dark became my world and I could see.<\/p>",
      "related_products_title": "We Also Recommend",
      "sidebar_recent_posts_title": "Recent Posts",
      "sidebar_blog_tags_title": "Categories",
      "show_blog_sidebar_sale": "true",
      "sidebar_blog_sale_title": "On Sale",
      "sidebar_blog_sale_collection": "frontpage",
      "sidebar_blog_product_count": "4",
      "page_links_title": "Links",
      "sidebar_page_collections_title": "Collections",
      "sidebar_page_posts_title": "Recent Posts",
      "sidebar_page_sale_title": "On Sale",
      "product_description_layout": "product_tabs",
      "show_cart_links": "true",
      "sidebar_sale_title": "On Sale",
      "sidebar_product_count": "4",
      "show_sidebar_sale": "true",
      "newsletter_heading": "Stay in Touch",
      "newsletter_text": "Sign up for our newsletter and be the first to know about coupons and special promotions.",
      "featured_collections_title": "Featured Collections",
      "parallax_image_text": "30% Off Summer Collection",
      "parallax_button_text": "Shop Now",
      "parallax_link": "\/collections\/summer",
      "use_featured_collections": "true",
      "use_parallax_banner": "true",
      "ad_banner_1_link": "\/collections\/all",
      "ad_banner_2_link": "\/collections\/all",
      "ad_banner_3_heading": "",
      "ad_banner_3_subtext": "",
      "ad_banner_1_heading": "Five Fun Family Breakfast Ideas",
      "ad_banner_1_subtext": "Breakfast can be rushed an impersonal.  Try these ideas to make morning family time more fun and rewarding.",
      "ad_banner_2_heading": "Baking Cakes at Home",
      "ad_banner_2_subtext": "Follow our easy guide to baking great cakes with our products.",
      "use_ad_banners": "true",
      "ad_banner_1_small_text": "Extreme",
      "ad_banner_1_large_text": "Beauty",
      "ad_banner_2_small_text": "Save Big On",
      "ad_banner_2_large_text": "Summer",
      "ad_banner_3_small_text": "Maternity",
      "ad_banner_3_large_text": "Shopping",
      "slideshow_1_pattern": "false",
      "slideshow_2_pattern": "false",
      "slideshow_3_pattern": "false",
      "slideshow_4_pattern": "false",
      "slideshow_5_pattern": "false",
      "slideshow_6_pattern": "false",
      "slideshow_7_pattern": "false",
      "site_layout": "wide",
      "heading_font_weight": "400",
      "heading_font_style": "none",
      "logo_max_width": "450px",
      "show_cart_hover": "false",
      "show_top_bar": "false",
      "show_top_bar_links": "false",
      "show_top_bar_social": "false",
      "footer_newsletter_title": "Stay in Touch",
      "footer_contact_title": "Contact Us",
      "footer_contact_text": "",
      "footer_display_contact": "true",
      "muted_color": "#cfbca3",
      "alternate_color": "#b6965c",
      "contrasting_color": "#742a24",
      "search_layout": "grid",
      "ajax_cart_method": "modal",
      "ajax_cart": "true",
      "product_tabs": "true",
      "product_quantity": "true",
      "blog_grid_layout": "3-col",
      "number_of_entries": "3",
      "entry_format": "3-col",
      "home_featured_title": "Featured Products",
      "footer_social_title": "Follow Us",
      "fancy_link": "http:\/\/fancy.com\/search?q=shopify",
      "accent_color": "#ffea00",
      "sidebar_sale_collection": "frontpage",
      "heading_google_font": "Lato",
      "heading_standard_font": "Helvetica, Arial, sans-serif",
      "base_font": "Google+Merriweather",
      "header_font": "Source+Sans+Pro",
      "use_instagram_widget": false,
      "instagram_rows": "2",
      "collection_sidebar_filters": "simple-tags",
      "show_product_zoom": true,
      "ajax_add_to_cart": true,
      "collection_overlay": "cart-info",
      "blog_layout": "full",
      "blog_count": "6"
    },
    "FurnishTime": {
      "show_animation": false,
      "show_multiple_currencies": true,
      "currency_format": "money_format",
      "show_currency_disclaimer": true,
      "show_entry_popup": false,
      "popup_delay": "5000",
      "popup_return": "7",
      "entry_popup_text": "",
      "entry_popup_newsletter": false,
      "entry_popup_social": false,
      "primary_color": "#abbda5",
      "secondary_color": "#70635d",
      "heading_text_color": "#282727",
      "body_text_color": "#898989",
      "link_hover_color": "#8a756b",
      "button_text_color": "#ffffff",
      "body_background_color": "#ebe5e2",
      "show_bg_image": false,
      "bg_repeat": "no-repeat",
      "bg_fixed": false,
      "bg_stretched": false,
      "content_heading_color": "#282827",
      "content_text_color": "#333333",
      "content_link_color": "#abbda5",
      "hf_bg_color": "#ffffff",
      "hf_logo_color": "#282727",
      "hf_heading_color": "#282727",
      "hf_text_color": "#333333",
      "hf_top_link_color": "#898989",
      "hf_footer_link_color": "#abbda5",
      "hf_border_color": "#ecefef",
      "hf_social_color": "#abbda5",
      "nav_text_color": "#282727",
      "nav_hover_color": "#5d7057",
      "mm_heading_color": "#282727",
      "base_font": "ProximaNovaLight",
      "header_font": "ProximaNovaLight",
      "nav_text_weight": "600",
      "nav_text_transform": "uppercase",
      "header_style": "header2",
      "header_top_linklist": "main-menu",
      "show_header_phone": true,
      "show_header_email": true,
      "use_logo": false,
      "navigation_type": "simple",
      "link_1_type": "standard",
      "link_1_col_1": "",
      "link_1_col_2": "",
      "link_1_col_3": "",
      "link_1_col_4": "",
      "link_2_type": "standard",
      "link_2_col_1": "",
      "link_2_col_2": "",
      "link_2_col_3": "",
      "link_2_col_4": "",
      "link_3_type": "standard",
      "link_3_col_1": "",
      "link_3_col_2": "",
      "link_3_col_3": "",
      "link_3_col_4": "",
      "link_4_type": "standard",
      "link_4_col_1": "",
      "link_4_col_2": "",
      "link_4_col_3": "",
      "link_4_col_4": "",
      "link_5_type": "standard",
      "link_5_col_1": "",
      "link_5_col_2": "",
      "link_5_col_3": "",
      "link_5_col_4": "",
      "link_6_type": "standard",
      "link_6_col_1": "",
      "link_6_col_2": "",
      "link_6_col_3": "",
      "link_6_col_4": "",
      "show_footer_top": true,
      "footer_show_linklist_1": true,
      "footer_linklist_1": "footer",
      "footer_1_text": "",
      "footer_show_linklist_2": false,
      "footer_linklist_2": "",
      "footer_2_text": "Setup the content for your footer buckets in Theme Settings under the Footer heading.  Please consult the <a href=\"http:\/\/docs.milehighthemes.com\/showtime\/#footer\" target=\"_blank\">theme documentation<\/a> for more information.",
      "footer_show_linklist_3": false,
      "footer_linklist_3": "",
      "footer_3_text": "Setup the content for your footer buckets in Theme Settings under the Footer heading.  Please consult the <a href=\"http:\/\/docs.milehighthemes.com\/showtime\/#footer\" target=\"_blank\">theme documentation<\/a> for more information.",
      "footer_4_text": "Sign up for our newsletter and be the first to know about coupons and special promotions.",
      "footer_display_newsletter": true,
      "footer_display_social": true,
      "show_payment_methods": true,
      "show_credits": true,
      "use_slider": true,
      "use_slider_mobile": true,
      "slideshow_1_active": true,
      "slideshow_1_caption_active": true,
      "slideshow_1_caption_overlay": false,
      "slideshow_1_subtitle": "Setup your slideshow in Theme Settings under the \"Home Page\" section.",
      "slideshow_1_subsubtitle": "For help on using this feature, please see the theme documentation.",
      "slideshow_2_active": true,
      "slideshow_2_caption_active": true,
      "slideshow_2_caption_overlay": false,
      "slideshow_2_subtitle": "You can have up to five custom slides in your homepage slideshow.",
      "slideshow_2_subsubtitle": "For help on using this feature, please see the theme documentation.",
      "slideshow_3_active": false,
      "slideshow_3_caption_active": false,
      "slideshow_3_caption_overlay": false,
      "slideshow_3_subtitle": "",
      "slideshow_3_subsubtitle": "",
      "slideshow_4_active": false,
      "slideshow_4_caption_active": false,
      "slideshow_4_caption_overlay": false,
      "slideshow_4_subtitle": "",
      "slideshow_4_subsubtitle": "",
      "slideshow_5_active": false,
      "slideshow_5_caption_active": false,
      "slideshow_5_caption_overlay": false,
      "slideshow_5_subtitle": "",
      "slideshow_5_subsubtitle": "",
      "use_promo_banners": true,
      "promo_banner_1_heading": "",
      "promo_banner_1_subtext": "",
      "promo_banner_1_overlay": false,
      "promo_banner_1_position": "bottom",
      "promo_banner_2_heading": "",
      "promo_banner_2_subtext": "",
      "promo_banner_2_overlay": false,
      "promo_banner_2_position": "bottom",
      "show_promo_row_2": false,
      "promo_banner_3_heading": "",
      "promo_banner_3_subtext": "",
      "promo_banner_3_overlay": false,
      "promo_banner_3_position": "bottom",
      "promo_banner_4_heading": "",
      "promo_banner_4_subtext": "",
      "promo_banner_4_position": "bottom",
      "promo_banner_4_overlay": false,
      "promo_banner_5_heading": "",
      "promo_banner_5_subtext": "",
      "promo_banner_5_overlay": false,
      "promo_banner_5_position": "bottom",
      "use_home_cta": true,
      "home_cta_heading": "Large Call to Action Area",
      "home_cta_subtext": "Here is a chance to really showcase your store's best deals!  You can customize this section with any heading, text, link, and image you want in Theme Settings under the \"Home Page\" heading.  Make your products really stand out with this amazing call-to-action section!  It is all configurable within theme settings and you can turn this and many other theme features on or off with a click in your Shopify dashboard.  For more information on setting up your home page, please see the theme documentation.",
      "use_page_content": false,
      "use_featured_products": true,
      "use_instagram_widget": false,
      "instagram_rows": "2",
      "pagination_limit": "12",
      "product_grid_layout": "3-col",
      "show_grid_type": true,
      "show_collection_overlay": false,
      "quick_view_enabled": true,
      "show_sb_collections": true,
      "collection_sidebar_filters": "simple-tags",
      "include_filter_no_1": false,
      "filter_no_1_linklist": "",
      "include_filter_no_2": false,
      "filter_no_2_linklist": "",
      "show_sidebar_collections": true,
      "show_sidebar_vendors": true,
      "show_sidebar_tags": false,
      "show_collection_sidebar_sale": false,
      "sidebar_collection_product_count": "4",
      "product_reviews": false,
      "show_product_swatches": true,
      "show_product_zoom": true,
      "show_product_tabs": false,
      "show_product_tab_2": false,
      "show_product_tab_3": false,
      "show_product_tab_4": false,
      "related_products": true,
      "show_sb_blog": true,
      "show_sidebar_recent_posts": true,
      "show_sidebar_blog_tags": true,
      "show_page_sidebar": true,
      "show_sidebar_page_links": true,
      "page_link_list": "",
      "show_sidebar_page_collections": false,
      "show_page_sidebar_sale": false,
      "sidebar_page_product_count": "4",
      "ajax_add_to_cart": true,
      "cart_notes": true,
      "show_cart_sidebar": true,
      "show_sidebar_cart_links": false,
      "cart_link_list": "",
      "show_shipping_calculator": true,
      "show_google_map": true,
      "search_results": "products-grid",
      "checkout_use_header_image": false,
      "checkout_banner_background_color": "#ffffff",
      "checkout_logo": "logo.png",
      "checkout_accent_color": "#37bbec",
      "checkout_button_color": "#37bbec",
      "checkout_call_to_action_color": "#fbcf00",
      "collection_overlay": "cart-info",
      "blog_layout": "full",
      "blog_count": "6"
    }
  }
}